job_run_at,station_id_from,station_id_to,duration_in_seconds
2026-07-23 21:28:17.966385+00:00,2,2,0.0
2026-07-23 21:28:17.966385+00:00,2,3,706.81
2026-07-23 21:28:17.966385+00:00,2,4,464.68
2026-07-23 21:28:17.966385+00:00,2,5,1122.83
2026-07-23 21:28:17.966385+00:00,2,6,1089.67
2026-07-23 21:28:17.966385+00:00,2,7,525.81
2026-07-23 21:28:17.966385+00:00,2,8,678.75
2026-07-23 21:28:17.966385+00:00,2,9,839.42
2026-07-23 21:28:17.966385+00:00,2,12,271.12
2026-07-23 21:28:17.966385+00:00,2,13,965.44
2026-07-23 21:28:17.966385+00:00,2,14,1327.28
2026-07-23 21:28:17.966385+00:00,2,17,1132.93
2026-07-23 21:28:17.966385+00:00,2,21,1619.3
2026-07-23 21:28:17.966385+00:00,2,22,172.06
2026-07-23 21:28:17.966385+00:00,2,24,587.9
2026-07-23 21:28:17.966385+00:00,2,25,913.84
2026-07-23 21:28:17.966385+00:00,2,26,470.87
2026-07-23 21:28:17.966385+00:00,2,27,421.94
2026-07-23 21:28:17.966385+00:00,2,29,1451.01
2026-07-23 21:28:17.966385+00:00,2,32,598.06
2026-07-23 21:28:17.966385+00:00,2,33,549.31
2026-07-23 21:28:17.966385+00:00,2,35,156.07
2026-07-23 21:28:17.966385+00:00,2,36,397.16
2026-07-23 21:28:17.966385+00:00,2,38,262.48
2026-07-23 21:28:17.966385+00:00,2,41,1533.24
2026-07-23 21:28:17.966385+00:00,2,43,447.77
2026-07-23 21:28:17.966385+00:00,2,44,970.63
2026-07-23 21:28:17.966385+00:00,2,45,384.43
2026-07-23 21:28:17.966385+00:00,2,46,935.53
2026-07-23 21:28:17.966385+00:00,2,48,1091.62
2026-07-23 21:28:17.966385+00:00,2,49,1757.35
2026-07-23 21:28:17.966385+00:00,2,50,662.1
2026-07-23 21:28:17.966385+00:00,2,54,1031.88
2026-07-23 21:28:17.966385+00:00,2,56,1199.78
2026-07-23 21:28:17.966385+00:00,2,57,782.88
2026-07-23 21:28:17.966385+00:00,2,58,1482.81
2026-07-23 21:28:17.966385+00:00,2,59,783.1
2026-07-23 21:28:17.966385+00:00,2,60,373.39
2026-07-23 21:28:17.966385+00:00,2,61,3019.45
2026-07-23 21:28:17.966385+00:00,2,63,331.98
2026-07-23 21:28:17.966385+00:00,2,64,401.79
2026-07-23 21:28:17.966385+00:00,2,65,988.8
2026-07-23 21:28:17.966385+00:00,2,66,884.61
2026-07-23 21:28:17.966385+00:00,2,68,2524.48
2026-07-23 21:28:17.966385+00:00,2,69,674.19
2026-07-23 21:28:17.966385+00:00,2,70,1119.09
2026-07-23 21:28:17.966385+00:00,2,71,409.04
2026-07-23 21:28:17.966385+00:00,2,73,1136.4
2026-07-23 21:28:17.966385+00:00,2,74,1408.95
2026-07-23 21:28:17.966385+00:00,2,75,930.72
2026-07-23 21:28:17.966385+00:00,2,76,801.1
2026-07-23 21:28:17.966385+00:00,2,77,2934.96
2026-07-23 21:28:17.966385+00:00,2,79,750.25
2026-07-23 21:28:17.966385+00:00,2,80,1875.52
2026-07-23 21:28:17.966385+00:00,2,82,1318.11
2026-07-23 21:28:17.966385+00:00,2,83,515.77
2026-07-23 21:28:17.966385+00:00,2,85,760.32
2026-07-23 21:28:17.966385+00:00,2,86,1187.35
2026-07-23 21:28:17.966385+00:00,2,87,1602.66
2026-07-23 21:28:17.966385+00:00,3,2,731.29
2026-07-23 21:28:17.966385+00:00,3,3,0.0
2026-07-23 21:28:17.966385+00:00,3,4,298.42
2026-07-23 21:28:17.966385+00:00,3,5,1684.01
2026-07-23 21:28:17.966385+00:00,3,6,477.11
2026-07-23 21:28:17.966385+00:00,3,7,492.97
2026-07-23 21:28:17.966385+00:00,3,8,625.49
2026-07-23 21:28:17.966385+00:00,3,9,1313.19
2026-07-23 21:28:17.966385+00:00,3,12,897.58
2026-07-23 21:28:17.966385+00:00,3,13,933.6
2026-07-23 21:28:17.966385+00:00,3,14,1745.03
2026-07-23 21:28:17.966385+00:00,3,17,1267.66
2026-07-23 21:28:17.966385+00:00,3,21,1250.53
2026-07-23 21:28:17.966385+00:00,3,22,794.67
2026-07-23 21:28:17.966385+00:00,3,24,436.44
2026-07-23 21:28:17.966385+00:00,3,25,1393.79
2026-07-23 21:28:17.966385+00:00,3,26,422.51
2026-07-23 21:28:17.966385+00:00,3,27,786.65
2026-07-23 21:28:17.966385+00:00,3,29,1585.73
2026-07-23 21:28:17.966385+00:00,3,32,407.24
2026-07-23 21:28:17.966385+00:00,3,33,1004.73
2026-07-23 21:28:17.966385+00:00,3,35,495.97
2026-07-23 21:28:17.966385+00:00,3,36,447.78
2026-07-23 21:28:17.966385+00:00,3,38,706.36
2026-07-23 21:28:17.966385+00:00,3,41,1164.47
2026-07-23 21:28:17.966385+00:00,3,43,1163.42
2026-07-23 21:28:17.966385+00:00,3,44,1686.27
2026-07-23 21:28:17.966385+00:00,3,45,725.93
2026-07-23 21:28:17.966385+00:00,3,46,340.64
2026-07-23 21:28:17.966385+00:00,3,48,570.05
2026-07-23 21:28:17.966385+00:00,3,49,1357.09
2026-07-23 21:28:17.966385+00:00,3,50,1220.3
2026-07-23 21:28:17.966385+00:00,3,54,1394.29
2026-07-23 21:28:17.966385+00:00,3,56,1699.22
2026-07-23 21:28:17.966385+00:00,3,57,80.3
2026-07-23 21:28:17.966385+00:00,3,58,1914.33
2026-07-23 21:28:17.966385+00:00,3,59,337.62
2026-07-23 21:28:17.966385+00:00,3,60,424.7
2026-07-23 21:28:17.966385+00:00,3,61,3154.18
2026-07-23 21:28:17.966385+00:00,3,63,556.94
2026-07-23 21:28:17.966385+00:00,3,64,968.9
2026-07-23 21:28:17.966385+00:00,3,65,1468.76
2026-07-23 21:28:17.966385+00:00,3,66,1414.25
2026-07-23 21:28:17.966385+00:00,3,68,3041.2
2026-07-23 21:28:17.966385+00:00,3,69,1128.93
2026-07-23 21:28:17.966385+00:00,3,70,1561.74
2026-07-23 21:28:17.966385+00:00,3,71,592.86
2026-07-23 21:28:17.966385+00:00,3,73,618.4
2026-07-23 21:28:17.966385+00:00,3,74,1543.68
2026-07-23 21:28:17.966385+00:00,3,75,749.08
2026-07-23 21:28:17.966385+00:00,3,76,775.32
2026-07-23 21:28:17.966385+00:00,3,77,3195.45
2026-07-23 21:28:17.966385+00:00,3,79,199.87
2026-07-23 21:28:17.966385+00:00,3,80,1492.41
2026-07-23 21:28:17.966385+00:00,3,82,1452.84
2026-07-23 21:28:17.966385+00:00,3,83,692.83
2026-07-23 21:28:17.966385+00:00,3,85,1225.57
2026-07-23 21:28:17.966385+00:00,3,86,810.25
2026-07-23 21:28:17.966385+00:00,3,87,1239.29
2026-07-23 21:28:17.966385+00:00,4,2,442.96
2026-07-23 21:28:17.966385+00:00,4,3,342.4
2026-07-23 21:28:17.966385+00:00,4,4,0.0
2026-07-23 21:28:17.966385+00:00,4,5,1395.68
2026-07-23 21:28:17.966385+00:00,4,6,725.25
2026-07-23 21:28:17.966385+00:00,4,7,361.8
2026-07-23 21:28:17.966385+00:00,4,8,525.14
2026-07-23 21:28:17.966385+00:00,4,9,1024.86
2026-07-23 21:28:17.966385+00:00,4,12,609.24
2026-07-23 21:28:17.966385+00:00,4,13,811.83
2026-07-23 21:28:17.966385+00:00,4,14,1456.69
2026-07-23 21:28:17.966385+00:00,4,17,979.32
2026-07-23 21:28:17.966385+00:00,4,21,1465.69
2026-07-23 21:28:17.966385+00:00,4,22,506.34
2026-07-23 21:28:17.966385+00:00,4,24,434.29
2026-07-23 21:28:17.966385+00:00,4,25,1105.46
2026-07-23 21:28:17.966385+00:00,4,26,279.11
2026-07-23 21:28:17.966385+00:00,4,27,498.32
2026-07-23 21:28:17.966385+00:00,4,29,1297.4
2026-07-23 21:28:17.966385+00:00,4,32,239.9
2026-07-23 21:28:17.966385+00:00,4,33,716.4
2026-07-23 21:28:17.966385+00:00,4,35,207.63
2026-07-23 21:28:17.966385+00:00,4,36,159.44
2026-07-23 21:28:17.966385+00:00,4,38,418.03
2026-07-23 21:28:17.966385+00:00,4,41,1379.63
2026-07-23 21:28:17.966385+00:00,4,43,875.09
2026-07-23 21:28:17.966385+00:00,4,44,1397.94
2026-07-23 21:28:17.966385+00:00,4,45,437.59
2026-07-23 21:28:17.966385+00:00,4,46,575.33
2026-07-23 21:28:17.966385+00:00,4,48,818.19
2026-07-23 21:28:17.966385+00:00,4,49,1603.74
2026-07-23 21:28:17.966385+00:00,4,50,931.97
2026-07-23 21:28:17.966385+00:00,4,54,1105.95
2026-07-23 21:28:17.966385+00:00,4,56,1410.88
2026-07-23 21:28:17.966385+00:00,4,57,418.46
2026-07-23 21:28:17.966385+00:00,4,58,1626.0
2026-07-23 21:28:17.966385+00:00,4,59,629.49
2026-07-23 21:28:17.966385+00:00,4,60,136.36
2026-07-23 21:28:17.966385+00:00,4,61,2865.85
2026-07-23 21:28:17.966385+00:00,4,63,268.61
2026-07-23 21:28:17.966385+00:00,4,64,680.56
2026-07-23 21:28:17.966385+00:00,4,65,1180.42
2026-07-23 21:28:17.966385+00:00,4,66,1125.91
2026-07-23 21:28:17.966385+00:00,4,68,2752.86
2026-07-23 21:28:17.966385+00:00,4,69,840.6
2026-07-23 21:28:17.966385+00:00,4,70,1273.41
2026-07-23 21:28:17.966385+00:00,4,71,304.52
2026-07-23 21:28:17.966385+00:00,4,73,866.54
2026-07-23 21:28:17.966385+00:00,4,74,1255.34
2026-07-23 21:28:17.966385+00:00,4,75,777.11
2026-07-23 21:28:17.966385+00:00,4,76,647.49
2026-07-23 21:28:17.966385+00:00,4,77,2907.11
2026-07-23 21:28:17.966385+00:00,4,79,367.33
2026-07-23 21:28:17.966385+00:00,4,80,1721.91
2026-07-23 21:28:17.966385+00:00,4,82,1164.5
2026-07-23 21:28:17.966385+00:00,4,83,404.49
2026-07-23 21:28:17.966385+00:00,4,85,937.24
2026-07-23 21:28:17.966385+00:00,4,86,1033.74
2026-07-23 21:28:17.966385+00:00,4,87,1449.05
2026-07-23 21:28:17.966385+00:00,5,2,1122.83
2026-07-23 21:28:17.966385+00:00,5,3,1739.89
2026-07-23 21:28:17.966385+00:00,5,4,1407.58
2026-07-23 21:28:17.966385+00:00,5,5,0.0
2026-07-23 21:28:17.966385+00:00,5,6,1967.91
2026-07-23 21:28:17.966385+00:00,5,7,1277.69
2026-07-23 21:28:17.966385+00:00,5,8,1162.99
2026-07-23 21:28:17.966385+00:00,5,9,453.64
2026-07-23 21:28:17.966385+00:00,5,12,900.29
2026-07-23 21:28:17.966385+00:00,5,13,947.71
2026-07-23 21:28:17.966385+00:00,5,14,171.13
2026-07-23 21:28:17.966385+00:00,5,17,733.02
2026-07-23 21:28:17.966385+00:00,5,21,1575.04
2026-07-23 21:28:17.966385+00:00,5,22,1118.1
2026-07-23 21:28:17.966385+00:00,5,24,1339.78
2026-07-23 21:28:17.966385+00:00,5,25,368.77
2026-07-23 21:28:17.966385+00:00,5,26,1593.55
2026-07-23 21:28:17.966385+00:00,5,27,904.62
2026-07-23 21:28:17.966385+00:00,5,29,910.74
2026-07-23 21:28:17.966385+00:00,5,32,1450.42
2026-07-23 21:28:17.966385+00:00,5,33,700.44
2026-07-23 21:28:17.966385+00:00,5,35,1244.62
2026-07-23 21:28:17.966385+00:00,5,36,1445.47
2026-07-23 21:28:17.966385+00:00,5,38,1168.17
2026-07-23 21:28:17.966385+00:00,5,41,1541.89
2026-07-23 21:28:17.966385+00:00,5,43,786.27
2026-07-23 21:28:17.966385+00:00,5,44,211.47
2026-07-23 21:28:17.966385+00:00,5,45,968.23
2026-07-23 21:28:17.966385+00:00,5,46,1729.86
2026-07-23 21:28:17.966385+00:00,5,48,2215.68
2026-07-23 21:28:17.966385+00:00,5,49,1379.49
2026-07-23 21:28:17.966385+00:00,5,50,547.07
2026-07-23 21:28:17.966385+00:00,5,54,531.33
2026-07-23 21:28:17.966385+00:00,5,56,348.74
2026-07-23 21:28:17.966385+00:00,5,57,1607.46
2026-07-23 21:28:17.966385+00:00,5,58,459.04
2026-07-23 21:28:17.966385+00:00,5,59,1534.98
2026-07-23 21:28:17.966385+00:00,5,60,1500.72
2026-07-23 21:28:17.966385+00:00,5,61,1963.38
2026-07-23 21:28:17.966385+00:00,5,63,1380.28
2026-07-23 21:28:17.966385+00:00,5,64,741.27
2026-07-23 21:28:17.966385+00:00,5,65,256.13
2026-07-23 21:28:17.966385+00:00,5,66,482.12
2026-07-23 21:28:17.966385+00:00,5,68,1792.63
2026-07-23 21:28:17.966385+00:00,5,69,580.61
2026-07-23 21:28:17.966385+00:00,5,70,453.2
2026-07-23 21:28:17.966385+00:00,5,71,1314.73
2026-07-23 21:28:17.966385+00:00,5,73,1888.28
2026-07-23 21:28:17.966385+00:00,5,74,828.16
2026-07-23 21:28:17.966385+00:00,5,75,1144.32
2026-07-23 21:28:17.966385+00:00,5,76,1014.7
2026-07-23 21:28:17.966385+00:00,5,77,1883.48
2026-07-23 21:28:17.966385+00:00,5,79,1754.75
2026-07-23 21:28:17.966385+00:00,5,80,1464.59
2026-07-23 21:28:17.966385+00:00,5,82,804.65
2026-07-23 21:28:17.966385+00:00,5,83,992.88
2026-07-23 21:28:17.966385+00:00,5,85,499.27
2026-07-23 21:28:17.966385+00:00,5,86,1321.47
2026-07-23 21:28:17.966385+00:00,5,87,1172.59
2026-07-23 21:28:17.966385+00:00,6,2,1161.55
2026-07-23 21:28:17.966385+00:00,6,3,515.31
2026-07-23 21:28:17.966385+00:00,6,4,773.93
2026-07-23 21:28:17.966385+00:00,6,5,1900.43
2026-07-23 21:28:17.966385+00:00,6,6,0.0
2026-07-23 21:28:17.966385+00:00,6,7,682.05
2026-07-23 21:28:17.966385+00:00,6,8,809.95
2026-07-23 21:28:17.966385+00:00,6,9,1529.61
2026-07-23 21:28:17.966385+00:00,6,12,1114.0
2026-07-23 21:28:17.966385+00:00,6,13,1075.21
2026-07-23 21:28:17.966385+00:00,6,14,1961.45
2026-07-23 21:28:17.966385+00:00,6,17,1484.08
2026-07-23 21:28:17.966385+00:00,6,21,900.56
2026-07-23 21:28:17.966385+00:00,6,22,1009.92
2026-07-23 21:28:17.966385+00:00,6,24,594.48
2026-07-23 21:28:17.966385+00:00,6,25,1610.21
2026-07-23 21:28:17.966385+00:00,6,26,818.55
2026-07-23 21:28:17.966385+00:00,6,27,1003.07
2026-07-23 21:28:17.966385+00:00,6,29,1802.15
2026-07-23 21:28:17.966385+00:00,6,32,743.6
2026-07-23 21:28:17.966385+00:00,6,33,1221.15
2026-07-23 21:28:17.966385+00:00,6,35,971.48
2026-07-23 21:28:17.966385+00:00,6,36,923.28
2026-07-23 21:28:17.966385+00:00,6,38,921.61
2026-07-23 21:28:17.966385+00:00,6,41,904.81
2026-07-23 21:28:17.966385+00:00,6,43,1378.67
2026-07-23 21:28:17.966385+00:00,6,44,1901.52
2026-07-23 21:28:17.966385+00:00,6,45,953.31
2026-07-23 21:28:17.966385+00:00,6,46,497.08
2026-07-23 21:28:17.966385+00:00,6,48,347.71
2026-07-23 21:28:17.966385+00:00,6,49,1368.37
2026-07-23 21:28:17.966385+00:00,6,50,1436.72
2026-07-23 21:28:17.966385+00:00,6,54,1610.71
2026-07-23 21:28:17.966385+00:00,6,56,1915.64
2026-07-23 21:28:17.966385+00:00,6,57,632.59
2026-07-23 21:28:17.966385+00:00,6,58,2130.75
2026-07-23 21:28:17.966385+00:00,6,59,429.54
2026-07-23 21:28:17.966385+00:00,6,60,900.21
2026-07-23 21:28:17.966385+00:00,6,61,3021.86
2026-07-23 21:28:17.966385+00:00,6,63,933.16
2026-07-23 21:28:17.966385+00:00,6,64,1185.32
2026-07-23 21:28:17.966385+00:00,6,65,1685.18
2026-07-23 21:28:17.966385+00:00,6,66,1630.67
2026-07-23 21:28:17.966385+00:00,6,68,3257.62
2026-07-23 21:28:17.966385+00:00,6,69,1345.35
2026-07-23 21:28:17.966385+00:00,6,70,1778.16
2026-07-23 21:28:17.966385+00:00,6,71,808.1
2026-07-23 21:28:17.966385+00:00,6,73,114.62
2026-07-23 21:28:17.966385+00:00,6,74,1760.1
2026-07-23 21:28:17.966385+00:00,6,75,898.93
2026-07-23 21:28:17.966385+00:00,6,76,925.17
2026-07-23 21:28:17.966385+00:00,6,77,3411.87
2026-07-23 21:28:17.966385+00:00,6,79,605.55
2026-07-23 21:28:17.966385+00:00,6,80,1539.9
2026-07-23 21:28:17.966385+00:00,6,82,1669.26
2026-07-23 21:28:17.966385+00:00,6,83,909.25
2026-07-23 21:28:17.966385+00:00,6,85,1441.99
2026-07-23 21:28:17.966385+00:00,6,86,818.61
2026-07-23 21:28:17.966385+00:00,6,87,1431.23
2026-07-23 21:28:17.966385+00:00,7,2,500.23
2026-07-23 21:28:17.966385+00:00,7,3,371.3
2026-07-23 21:28:17.966385+00:00,7,4,304.23
2026-07-23 21:28:17.966385+00:00,7,5,1226.7
2026-07-23 21:28:17.966385+00:00,7,6,737.78
2026-07-23 21:28:17.966385+00:00,7,7,0.0
2026-07-23 21:28:17.966385+00:00,7,8,229.38
2026-07-23 21:28:17.966385+00:00,7,9,855.88
2026-07-23 21:28:17.966385+00:00,7,12,440.27
2026-07-23 21:28:17.966385+00:00,7,13,524.93
2026-07-23 21:28:17.966385+00:00,7,14,1287.71
2026-07-23 21:28:17.966385+00:00,7,17,810.34
2026-07-23 21:28:17.966385+00:00,7,21,1169.86
2026-07-23 21:28:17.966385+00:00,7,22,348.6
2026-07-23 21:28:17.966385+00:00,7,24,110.73
2026-07-23 21:28:17.966385+00:00,7,25,936.48
2026-07-23 21:28:17.966385+00:00,7,26,563.17
2026-07-23 21:28:17.966385+00:00,7,27,329.34
2026-07-23 21:28:17.966385+00:00,7,29,1128.42
2026-07-23 21:28:17.966385+00:00,7,32,225.56
2026-07-23 21:28:17.966385+00:00,7,33,547.42
2026-07-23 21:28:17.966385+00:00,7,35,437.72
2026-07-23 21:28:17.966385+00:00,7,36,306.33
2026-07-23 21:28:17.966385+00:00,7,38,260.29
2026-07-23 21:28:17.966385+00:00,7,41,1083.81
2026-07-23 21:28:17.966385+00:00,7,43,717.35
2026-07-23 21:28:17.966385+00:00,7,44,1240.2
2026-07-23 21:28:17.966385+00:00,7,45,279.58
2026-07-23 21:28:17.966385+00:00,7,46,499.73
2026-07-23 21:28:17.966385+00:00,7,48,848.94
2026-07-23 21:28:17.966385+00:00,7,49,1270.28
2026-07-23 21:28:17.966385+00:00,7,50,762.99
2026-07-23 21:28:17.966385+00:00,7,54,936.97
2026-07-23 21:28:17.966385+00:00,7,56,1241.9
2026-07-23 21:28:17.966385+00:00,7,57,374.89
2026-07-23 21:28:17.966385+00:00,7,58,1457.02
2026-07-23 21:28:17.966385+00:00,7,59,338.81
2026-07-23 21:28:17.966385+00:00,7,60,420.43
2026-07-23 21:28:17.966385+00:00,7,61,2696.87
2026-07-23 21:28:17.966385+00:00,7,63,271.84
2026-07-23 21:28:17.966385+00:00,7,64,511.58
2026-07-23 21:28:17.966385+00:00,7,65,1011.44
2026-07-23 21:28:17.966385+00:00,7,66,956.93
2026-07-23 21:28:17.966385+00:00,7,68,2583.89
2026-07-23 21:28:17.966385+00:00,7,69,671.62
2026-07-23 21:28:17.966385+00:00,7,70,1104.43
2026-07-23 21:28:17.966385+00:00,7,71,146.78
2026-07-23 21:28:17.966385+00:00,7,73,660.81
2026-07-23 21:28:17.966385+00:00,7,74,1086.36
2026-07-23 21:28:17.966385+00:00,7,75,474.04
2026-07-23 21:28:17.966385+00:00,7,76,361.36
2026-07-23 21:28:17.966385+00:00,7,77,2738.13
2026-07-23 21:28:17.966385+00:00,7,79,651.4
2026-07-23 21:28:17.966385+00:00,7,80,1405.6
2026-07-23 21:28:17.966385+00:00,7,82,995.52
2026-07-23 21:28:17.966385+00:00,7,83,235.52
2026-07-23 21:28:17.966385+00:00,7,85,768.26
2026-07-23 21:28:17.966385+00:00,7,86,723.44
2026-07-23 21:28:17.966385+00:00,7,87,1148.59
2026-07-23 21:28:17.966385+00:00,8,2,721.14
2026-07-23 21:28:17.966385+00:00,8,3,498.29
2026-07-23 21:28:17.966385+00:00,8,4,525.14
2026-07-23 21:28:17.966385+00:00,8,5,1151.08
2026-07-23 21:28:17.966385+00:00,8,6,859.42
2026-07-23 21:28:17.966385+00:00,8,7,232.38
2026-07-23 21:28:17.966385+00:00,8,8,0.0
2026-07-23 21:28:17.966385+00:00,8,9,810.15
2026-07-23 21:28:17.966385+00:00,8,12,420.17
2026-07-23 21:28:17.966385+00:00,8,13,448.52
2026-07-23 21:28:17.966385+00:00,8,14,1212.1
2026-07-23 21:28:17.966385+00:00,8,17,734.73
2026-07-23 21:28:17.966385+00:00,8,21,1010.78
2026-07-23 21:28:17.966385+00:00,8,22,569.51
2026-07-23 21:28:17.966385+00:00,8,24,233.91
2026-07-23 21:28:17.966385+00:00,8,25,860.86
2026-07-23 21:28:17.966385+00:00,8,26,784.08
2026-07-23 21:28:17.966385+00:00,8,27,253.72
2026-07-23 21:28:17.966385+00:00,8,29,924.04
2026-07-23 21:28:17.966385+00:00,8,32,419.08
2026-07-23 21:28:17.966385+00:00,8,33,471.8
2026-07-23 21:28:17.966385+00:00,8,35,658.63
2026-07-23 21:28:17.966385+00:00,8,36,527.24
2026-07-23 21:28:17.966385+00:00,8,38,481.2
2026-07-23 21:28:17.966385+00:00,8,41,924.72
2026-07-23 21:28:17.966385+00:00,8,43,809.45
2026-07-23 21:28:17.966385+00:00,8,44,1180.43
2026-07-23 21:28:17.966385+00:00,8,45,342.92
2026-07-23 21:28:17.966385+00:00,8,46,621.38
2026-07-23 21:28:17.966385+00:00,8,48,970.59
2026-07-23 21:28:17.966385+00:00,8,49,1103.01
2026-07-23 21:28:17.966385+00:00,8,50,819.03
2026-07-23 21:28:17.966385+00:00,8,54,861.36
2026-07-23 21:28:17.966385+00:00,8,56,1166.29
2026-07-23 21:28:17.966385+00:00,8,57,501.88
2026-07-23 21:28:17.966385+00:00,8,58,1381.4
2026-07-23 21:28:17.966385+00:00,8,59,424.36
2026-07-23 21:28:17.966385+00:00,8,60,641.34
2026-07-23 21:28:17.966385+00:00,8,61,2621.25
2026-07-23 21:28:17.966385+00:00,8,63,492.75
2026-07-23 21:28:17.966385+00:00,8,64,491.49
2026-07-23 21:28:17.966385+00:00,8,65,935.83
2026-07-23 21:28:17.966385+00:00,8,66,881.32
2026-07-23 21:28:17.966385+00:00,8,68,2508.27
2026-07-23 21:28:17.966385+00:00,8,69,596.0
2026-07-23 21:28:17.966385+00:00,8,70,1028.81
2026-07-23 21:28:17.966385+00:00,8,71,367.69
2026-07-23 21:28:17.966385+00:00,8,73,779.69
2026-07-23 21:28:17.966385+00:00,8,74,1010.75
2026-07-23 21:28:17.966385+00:00,8,75,306.08
2026-07-23 21:28:17.966385+00:00,8,76,166.71
2026-07-23 21:28:17.966385+00:00,8,77,2662.52
2026-07-23 21:28:17.966385+00:00,8,79,872.31
2026-07-23 21:28:17.966385+00:00,8,80,1238.32
2026-07-23 21:28:17.966385+00:00,8,82,788.34
2026-07-23 21:28:17.966385+00:00,8,83,159.9
2026-07-23 21:28:17.966385+00:00,8,85,692.64
2026-07-23 21:28:17.966385+00:00,8,86,556.16
2026-07-23 21:28:17.966385+00:00,8,87,980.63
2026-07-23 21:28:17.966385+00:00,9,2,817.93
2026-07-23 21:28:17.966385+00:00,9,3,1354.69
2026-07-23 21:28:17.966385+00:00,9,4,1022.38
2026-07-23 21:28:17.966385+00:00,9,5,559.21
2026-07-23 21:28:17.966385+00:00,9,6,1582.71
2026-07-23 21:28:17.966385+00:00,9,7,892.49
2026-07-23 21:28:17.966385+00:00,9,8,777.78
2026-07-23 21:28:17.966385+00:00,9,9,0.0
2026-07-23 21:28:17.966385+00:00,9,12,497.93
2026-07-23 21:28:17.966385+00:00,9,13,688.14
2026-07-23 21:28:17.966385+00:00,9,14,599.4
2026-07-23 21:28:17.966385+00:00,9,17,574.76
2026-07-23 21:28:17.966385+00:00,9,21,1345.51
2026-07-23 21:28:17.966385+00:00,9,22,642.66
2026-07-23 21:28:17.966385+00:00,9,24,954.58
2026-07-23 21:28:17.966385+00:00,9,25,281.23
2026-07-23 21:28:17.966385+00:00,9,26,1116.01
2026-07-23 21:28:17.966385+00:00,9,27,520.67
2026-07-23 21:28:17.966385+00:00,9,29,855.88
2026-07-23 21:28:17.966385+00:00,9,32,1065.21
2026-07-23 21:28:17.966385+00:00,9,33,378.9
2026-07-23 21:28:17.966385+00:00,9,35,896.96
2026-07-23 21:28:17.966385+00:00,9,36,902.28
2026-07-23 21:28:17.966385+00:00,9,38,628.72
2026-07-23 21:28:17.966385+00:00,9,41,1312.37
2026-07-23 21:28:17.966385+00:00,9,43,481.37
2026-07-23 21:28:17.966385+00:00,9,44,407.0
2026-07-23 21:28:17.966385+00:00,9,45,584.28
2026-07-23 21:28:17.966385+00:00,9,46,1344.66
2026-07-23 21:28:17.966385+00:00,9,48,1830.48
2026-07-23 21:28:17.966385+00:00,9,49,1262.45
2026-07-23 21:28:17.966385+00:00,9,50,173.18
2026-07-23 21:28:17.966385+00:00,9,54,476.47
2026-07-23 21:28:17.966385+00:00,9,56,541.87
2026-07-23 21:28:17.966385+00:00,9,57,1222.26
2026-07-23 21:28:17.966385+00:00,9,58,768.71
2026-07-23 21:28:17.966385+00:00,9,59,1149.78
2026-07-23 21:28:17.966385+00:00,9,60,957.54
2026-07-23 21:28:17.966385+00:00,9,61,2252.9
2026-07-23 21:28:17.966385+00:00,9,63,837.1
2026-07-23 21:28:17.966385+00:00,9,64,338.91
2026-07-23 21:28:17.966385+00:00,9,65,323.13
2026-07-23 21:28:17.966385+00:00,9,66,257.28
2026-07-23 21:28:17.966385+00:00,9,68,1960.86
2026-07-23 21:28:17.966385+00:00,9,69,303.9
2026-07-23 21:28:17.966385+00:00,9,70,467.12
2026-07-23 21:28:17.966385+00:00,9,71,771.54
2026-07-23 21:28:17.966385+00:00,9,73,1503.08
2026-07-23 21:28:17.966385+00:00,9,74,798.09
2026-07-23 21:28:17.966385+00:00,9,75,799.55
2026-07-23 21:28:17.966385+00:00,9,76,669.93
2026-07-23 21:28:17.966385+00:00,9,77,2173.01
2026-07-23 21:28:17.966385+00:00,9,79,1369.54
2026-07-23 21:28:17.966385+00:00,9,80,1364.31
2026-07-23 21:28:17.966385+00:00,9,82,759.94
2026-07-23 21:28:17.966385+00:00,9,83,614.51
2026-07-23 21:28:17.966385+00:00,9,85,271.18
2026-07-23 21:28:17.966385+00:00,9,86,1019.13
2026-07-23 21:28:17.966385+00:00,9,87,1075.68
2026-07-23 21:28:17.966385+00:00,12,2,362.7
2026-07-23 21:28:17.966385+00:00,12,3,959.66
2026-07-23 21:28:17.966385+00:00,12,4,627.35
2026-07-23 21:28:17.966385+00:00,12,5,942.54
2026-07-23 21:28:17.966385+00:00,12,6,1187.68
2026-07-23 21:28:17.966385+00:00,12,7,497.46
2026-07-23 21:28:17.966385+00:00,12,8,414.28
2026-07-23 21:28:17.966385+00:00,12,9,472.57
2026-07-23 21:28:17.966385+00:00,12,12,0.0
2026-07-23 21:28:17.966385+00:00,12,13,700.98
2026-07-23 21:28:17.966385+00:00,12,14,1146.99
2026-07-23 21:28:17.966385+00:00,12,17,868.46
2026-07-23 21:28:17.966385+00:00,12,21,1386.21
2026-07-23 21:28:17.966385+00:00,12,22,252.04
2026-07-23 21:28:17.966385+00:00,12,24,559.55
2026-07-23 21:28:17.966385+00:00,12,25,642.73
2026-07-23 21:28:17.966385+00:00,12,26,726.22
2026-07-23 21:28:17.966385+00:00,12,27,160.6
2026-07-23 21:28:17.966385+00:00,12,29,1186.54
2026-07-23 21:28:17.966385+00:00,12,32,670.19
2026-07-23 21:28:17.966385+00:00,12,33,287.97
2026-07-23 21:28:17.966385+00:00,12,35,507.16
2026-07-23 21:28:17.966385+00:00,12,36,512.49
2026-07-23 21:28:17.966385+00:00,12,38,238.1
2026-07-23 21:28:17.966385+00:00,12,41,1300.15
2026-07-23 21:28:17.966385+00:00,12,43,389.29
2026-07-23 21:28:17.966385+00:00,12,44,790.33
2026-07-23 21:28:17.966385+00:00,12,45,210.38
2026-07-23 21:28:17.966385+00:00,12,46,949.63
2026-07-23 21:28:17.966385+00:00,12,48,1435.45
2026-07-23 21:28:17.966385+00:00,12,49,1492.89
2026-07-23 21:28:17.966385+00:00,12,50,322.73
2026-07-23 21:28:17.966385+00:00,12,54,765.41
2026-07-23 21:28:17.966385+00:00,12,56,928.68
2026-07-23 21:28:17.966385+00:00,12,57,827.23
2026-07-23 21:28:17.966385+00:00,12,58,1163.27
2026-07-23 21:28:17.966385+00:00,12,59,754.75
2026-07-23 21:28:17.966385+00:00,12,60,567.75
2026-07-23 21:28:17.966385+00:00,12,61,2648.46
2026-07-23 21:28:17.966385+00:00,12,63,447.3
2026-07-23 21:28:17.966385+00:00,12,64,130.69
2026-07-23 21:28:17.966385+00:00,12,65,717.69
2026-07-23 21:28:17.966385+00:00,12,66,613.5
2026-07-23 21:28:17.966385+00:00,12,68,2344.19
2026-07-23 21:28:17.966385+00:00,12,69,407.72
2026-07-23 21:28:17.966385+00:00,12,70,847.99
2026-07-23 21:28:17.966385+00:00,12,71,381.75
2026-07-23 21:28:17.966385+00:00,12,73,1108.05
2026-07-23 21:28:17.966385+00:00,12,74,1144.48
2026-07-23 21:28:17.966385+00:00,12,75,666.25
2026-07-23 21:28:17.966385+00:00,12,76,536.64
2026-07-23 21:28:17.966385+00:00,12,77,2548.84
2026-07-23 21:28:17.966385+00:00,12,79,974.51
2026-07-23 21:28:17.966385+00:00,12,80,1611.05
2026-07-23 21:28:17.966385+00:00,12,82,1053.64
2026-07-23 21:28:17.966385+00:00,12,83,254.44
2026-07-23 21:28:17.966385+00:00,12,85,489.22
2026-07-23 21:28:17.966385+00:00,12,86,922.88
2026-07-23 21:28:17.966385+00:00,12,87,1338.19
2026-07-23 21:28:17.966385+00:00,13,2,1020.73
2026-07-23 21:28:17.966385+00:00,13,3,799.61
2026-07-23 21:28:17.966385+00:00,13,4,824.73
2026-07-23 21:28:17.966385+00:00,13,5,1004.71
2026-07-23 21:28:17.966385+00:00,13,6,1156.93
2026-07-23 21:28:17.966385+00:00,13,7,523.43
2026-07-23 21:28:17.966385+00:00,13,8,409.04
2026-07-23 21:28:17.966385+00:00,13,9,719.96
2026-07-23 21:28:17.966385+00:00,13,12,719.76
2026-07-23 21:28:17.966385+00:00,13,13,0.0
2026-07-23 21:28:17.966385+00:00,13,14,1065.73
2026-07-23 21:28:17.966385+00:00,13,17,404.43
2026-07-23 21:28:17.966385+00:00,13,21,823.12
2026-07-23 21:28:17.966385+00:00,13,22,869.1
2026-07-23 21:28:17.966385+00:00,13,24,534.4
2026-07-23 21:28:17.966385+00:00,13,25,697.46
2026-07-23 21:28:17.966385+00:00,13,26,1083.67
2026-07-23 21:28:17.966385+00:00,13,27,553.31
2026-07-23 21:28:17.966385+00:00,13,29,647.99
2026-07-23 21:28:17.966385+00:00,13,32,710.13
2026-07-23 21:28:17.966385+00:00,13,33,447.6
2026-07-23 21:28:17.966385+00:00,13,35,958.22
2026-07-23 21:28:17.966385+00:00,13,36,826.83
2026-07-23 21:28:17.966385+00:00,13,38,780.79
2026-07-23 21:28:17.966385+00:00,13,41,737.06
2026-07-23 21:28:17.966385+00:00,13,43,936.53
2026-07-23 21:28:17.966385+00:00,13,44,1107.85
2026-07-23 21:28:17.966385+00:00,13,45,642.51
2026-07-23 21:28:17.966385+00:00,13,46,918.89
2026-07-23 21:28:17.966385+00:00,13,48,1268.1
2026-07-23 21:28:17.966385+00:00,13,49,794.36
2026-07-23 21:28:17.966385+00:00,13,50,751.68
2026-07-23 21:28:17.966385+00:00,13,54,639.39
2026-07-23 21:28:17.966385+00:00,13,56,944.32
2026-07-23 21:28:17.966385+00:00,13,57,803.2
2026-07-23 21:28:17.966385+00:00,13,58,1228.91
2026-07-23 21:28:17.966385+00:00,13,59,721.87
2026-07-23 21:28:17.966385+00:00,13,60,940.92
2026-07-23 21:28:17.966385+00:00,13,61,2244.53
2026-07-23 21:28:17.966385+00:00,13,63,792.34
2026-07-23 21:28:17.966385+00:00,13,64,608.11
2026-07-23 21:28:17.966385+00:00,13,65,789.46
2026-07-23 21:28:17.966385+00:00,13,66,659.35
2026-07-23 21:28:17.966385+00:00,13,68,2286.3
2026-07-23 21:28:17.966385+00:00,13,69,408.61
2026-07-23 21:28:17.966385+00:00,13,70,806.84
2026-07-23 21:28:17.966385+00:00,13,71,667.28
2026-07-23 21:28:17.966385+00:00,13,73,1077.2
2026-07-23 21:28:17.966385+00:00,13,74,677.94
2026-07-23 21:28:17.966385+00:00,13,75,290.49
2026-07-23 21:28:17.966385+00:00,13,76,262.62
2026-07-23 21:28:17.966385+00:00,13,77,2440.55
2026-07-23 21:28:17.966385+00:00,13,79,1171.9
2026-07-23 21:28:17.966385+00:00,13,80,912.53
2026-07-23 21:28:17.966385+00:00,13,82,512.29
2026-07-23 21:28:17.966385+00:00,13,83,459.49
2026-07-23 21:28:17.966385+00:00,13,85,505.25
2026-07-23 21:28:17.966385+00:00,13,86,488.57
2026-07-23 21:28:17.966385+00:00,13,87,639.66
2026-07-23 21:28:17.966385+00:00,14,2,1327.28
2026-07-23 21:28:17.966385+00:00,14,3,1809.85
2026-07-23 21:28:17.966385+00:00,14,4,1477.54
2026-07-23 21:28:17.966385+00:00,14,5,285.96
2026-07-23 21:28:17.966385+00:00,14,6,2037.87
2026-07-23 21:28:17.966385+00:00,14,7,1347.65
2026-07-23 21:28:17.966385+00:00,14,8,1232.94
2026-07-23 21:28:17.966385+00:00,14,9,523.6
2026-07-23 21:28:17.966385+00:00,14,12,970.25
2026-07-23 21:28:17.966385+00:00,14,13,1017.67
2026-07-23 21:28:17.966385+00:00,14,14,0.0
2026-07-23 21:28:17.966385+00:00,14,17,790.78
2026-07-23 21:28:17.966385+00:00,14,21,1655.34
2026-07-23 21:28:17.966385+00:00,14,22,1322.55
2026-07-23 21:28:17.966385+00:00,14,24,1409.74
2026-07-23 21:28:17.966385+00:00,14,25,438.67
2026-07-23 21:28:17.966385+00:00,14,26,1798.0
2026-07-23 21:28:17.966385+00:00,14,27,974.58
2026-07-23 21:28:17.966385+00:00,14,29,925.08
2026-07-23 21:28:17.966385+00:00,14,32,1520.38
2026-07-23 21:28:17.966385+00:00,14,33,770.39
2026-07-23 21:28:17.966385+00:00,14,35,1449.07
2026-07-23 21:28:17.966385+00:00,14,36,1356.19
2026-07-23 21:28:17.966385+00:00,14,38,1101.03
2026-07-23 21:28:17.966385+00:00,14,41,1606.04
2026-07-23 21:28:17.966385+00:00,14,43,990.72
2026-07-23 21:28:17.966385+00:00,14,44,437.85
2026-07-23 21:28:17.966385+00:00,14,45,1038.19
2026-07-23 21:28:17.966385+00:00,14,46,1799.82
2026-07-23 21:28:17.966385+00:00,14,48,2285.64
2026-07-23 21:28:17.966385+00:00,14,49,1431.11
2026-07-23 21:28:17.966385+00:00,14,50,751.52
2026-07-23 21:28:17.966385+00:00,14,54,589.1
2026-07-23 21:28:17.966385+00:00,14,56,406.5
2026-07-23 21:28:17.966385+00:00,14,57,1677.42
2026-07-23 21:28:17.966385+00:00,14,58,171.69
2026-07-23 21:28:17.966385+00:00,14,59,1604.94
2026-07-23 21:28:17.966385+00:00,14,60,1411.45
2026-07-23 21:28:17.966385+00:00,14,61,1919.15
2026-07-23 21:28:17.966385+00:00,14,63,1291.01
2026-07-23 21:28:17.966385+00:00,14,64,811.22
2026-07-23 21:28:17.966385+00:00,14,65,326.08
2026-07-23 21:28:17.966385+00:00,14,66,539.88
2026-07-23 21:28:17.966385+00:00,14,68,1641.05
2026-07-23 21:28:17.966385+00:00,14,69,650.56
2026-07-23 21:28:17.966385+00:00,14,70,482.69
2026-07-23 21:28:17.966385+00:00,14,71,1225.45
2026-07-23 21:28:17.966385+00:00,14,73,1958.24
2026-07-23 21:28:17.966385+00:00,14,74,841.22
2026-07-23 21:28:17.966385+00:00,14,75,1214.27
2026-07-23 21:28:17.966385+00:00,14,76,1084.66
2026-07-23 21:28:17.966385+00:00,14,77,1745.69
2026-07-23 21:28:17.966385+00:00,14,79,1824.7
2026-07-23 21:28:17.966385+00:00,14,80,1478.92
2026-07-23 21:28:17.966385+00:00,14,82,862.41
2026-07-23 21:28:17.966385+00:00,14,83,1062.83
2026-07-23 21:28:17.966385+00:00,14,85,569.23
2026-07-23 21:28:17.966385+00:00,14,86,1391.43
2026-07-23 21:28:17.966385+00:00,14,87,1186.93
2026-07-23 21:28:17.966385+00:00,17,2,1186.09
2026-07-23 21:28:17.966385+00:00,17,3,1322.4
2026-07-23 21:28:17.966385+00:00,17,4,990.09
2026-07-23 21:28:17.966385+00:00,17,5,752.11
2026-07-23 21:28:17.966385+00:00,17,6,1550.42
2026-07-23 21:28:17.966385+00:00,17,7,860.2
2026-07-23 21:28:17.966385+00:00,17,8,631.71
2026-07-23 21:28:17.966385+00:00,17,9,584.75
2026-07-23 21:28:17.966385+00:00,17,12,885.12
2026-07-23 21:28:17.966385+00:00,17,13,293.13
2026-07-23 21:28:17.966385+00:00,17,14,813.12
2026-07-23 21:28:17.966385+00:00,17,17,0.0
2026-07-23 21:28:17.966385+00:00,17,21,889.46
2026-07-23 21:28:17.966385+00:00,17,22,1034.46
2026-07-23 21:28:17.966385+00:00,17,24,922.29
2026-07-23 21:28:17.966385+00:00,17,25,431.65
2026-07-23 21:28:17.966385+00:00,17,26,1249.03
2026-07-23 21:28:17.966385+00:00,17,27,718.67
2026-07-23 21:28:17.966385+00:00,17,29,306.18
2026-07-23 21:28:17.966385+00:00,17,32,1032.93
2026-07-23 21:28:17.966385+00:00,17,33,572.27
2026-07-23 21:28:17.966385+00:00,17,35,1123.58
2026-07-23 21:28:17.966385+00:00,17,36,992.18
2026-07-23 21:28:17.966385+00:00,17,38,946.15
2026-07-23 21:28:17.966385+00:00,17,41,867.66
2026-07-23 21:28:17.966385+00:00,17,43,964.87
2026-07-23 21:28:17.966385+00:00,17,44,910.82
2026-07-23 21:28:17.966385+00:00,17,45,807.87
2026-07-23 21:28:17.966385+00:00,17,46,1312.37
2026-07-23 21:28:17.966385+00:00,17,48,1798.19
2026-07-23 21:28:17.966385+00:00,17,49,706.3
2026-07-23 21:28:17.966385+00:00,17,50,719.69
2026-07-23 21:28:17.966385+00:00,17,54,264.04
2026-07-23 21:28:17.966385+00:00,17,56,568.97
2026-07-23 21:28:17.966385+00:00,17,57,1189.97
2026-07-23 21:28:17.966385+00:00,17,58,932.53
2026-07-23 21:28:17.966385+00:00,17,59,993.43
2026-07-23 21:28:17.966385+00:00,17,60,1106.28
2026-07-23 21:28:17.966385+00:00,17,61,1902.72
2026-07-23 21:28:17.966385+00:00,17,63,957.7
2026-07-23 21:28:17.966385+00:00,17,64,714.95
2026-07-23 21:28:17.966385+00:00,17,65,536.85
2026-07-23 21:28:17.966385+00:00,17,66,343.84
2026-07-23 21:28:17.966385+00:00,17,68,1910.95
2026-07-23 21:28:17.966385+00:00,17,69,457.37
2026-07-23 21:28:17.966385+00:00,17,70,431.49
2026-07-23 21:28:17.966385+00:00,17,71,832.64
2026-07-23 21:28:17.966385+00:00,17,73,1470.79
2026-07-23 21:28:17.966385+00:00,17,74,336.13
2026-07-23 21:28:17.966385+00:00,17,75,563.83
2026-07-23 21:28:17.966385+00:00,17,76,485.29
2026-07-23 21:28:17.966385+00:00,17,77,2065.2
2026-07-23 21:28:17.966385+00:00,17,79,1337.25
2026-07-23 21:28:17.966385+00:00,17,80,808.17
2026-07-23 21:28:17.966385+00:00,17,82,170.48
2026-07-23 21:28:17.966385+00:00,17,83,624.85
2026-07-23 21:28:17.966385+00:00,17,85,437.92
2026-07-23 21:28:17.966385+00:00,17,86,761.92
2026-07-23 21:28:17.966385+00:00,17,87,519.53
2026-07-23 21:28:17.966385+00:00,21,2,1713.2
2026-07-23 21:28:17.966385+00:00,21,3,1252.1
2026-07-23 21:28:17.966385+00:00,21,4,1517.2
2026-07-23 21:28:17.966385+00:00,21,5,1625.86
2026-07-23 21:28:17.966385+00:00,21,6,984.49
2026-07-23 21:28:17.966385+00:00,21,7,1156.05
2026-07-23 21:28:17.966385+00:00,21,8,1032.29
2026-07-23 21:28:17.966385+00:00,21,9,1379.89
2026-07-23 21:28:17.966385+00:00,21,12,1412.23
2026-07-23 21:28:17.966385+00:00,21,13,737.97
2026-07-23 21:28:17.966385+00:00,21,14,1686.87
2026-07-23 21:28:17.966385+00:00,21,17,945.57
2026-07-23 21:28:17.966385+00:00,21,21,0.0
2026-07-23 21:28:17.966385+00:00,21,22,1561.57
2026-07-23 21:28:17.966385+00:00,21,24,1063.65
2026-07-23 21:28:17.966385+00:00,21,25,1311.66
2026-07-23 21:28:17.966385+00:00,21,26,1776.14
2026-07-23 21:28:17.966385+00:00,21,27,1245.78
2026-07-23 21:28:17.966385+00:00,21,29,1165.45
2026-07-23 21:28:17.966385+00:00,21,32,1334.64
2026-07-23 21:28:17.966385+00:00,21,33,1140.07
2026-07-23 21:28:17.966385+00:00,21,35,1650.69
2026-07-23 21:28:17.966385+00:00,21,36,1519.3
2026-07-23 21:28:17.966385+00:00,21,38,1473.26
2026-07-23 21:28:17.966385+00:00,21,41,94.53
2026-07-23 21:28:17.966385+00:00,21,43,1632.28
2026-07-23 21:28:17.966385+00:00,21,44,1767.77
2026-07-23 21:28:17.966385+00:00,21,45,1334.98
2026-07-23 21:28:17.966385+00:00,21,46,1111.53
2026-07-23 21:28:17.966385+00:00,21,48,1112.54
2026-07-23 21:28:17.966385+00:00,21,49,571.29
2026-07-23 21:28:17.966385+00:00,21,50,1441.39
2026-07-23 21:28:17.966385+00:00,21,54,1144.79
2026-07-23 21:28:17.966385+00:00,21,56,1449.72
2026-07-23 21:28:17.966385+00:00,21,57,1255.69
2026-07-23 21:28:17.966385+00:00,21,58,1812.53
2026-07-23 21:28:17.966385+00:00,21,59,918.62
2026-07-23 21:28:17.966385+00:00,21,60,1633.4
2026-07-23 21:28:17.966385+00:00,21,61,2373.88
2026-07-23 21:28:17.966385+00:00,21,63,1484.81
2026-07-23 21:28:17.966385+00:00,21,64,1300.58
2026-07-23 21:28:17.966385+00:00,21,65,1410.6
2026-07-23 21:28:17.966385+00:00,21,66,1175.69
2026-07-23 21:28:17.966385+00:00,21,68,2791.7
2026-07-23 21:28:17.966385+00:00,21,69,1106.3
2026-07-23 21:28:17.966385+00:00,21,70,1312.24
2026-07-23 21:28:17.966385+00:00,21,71,1359.75
2026-07-23 21:28:17.966385+00:00,21,73,900.02
2026-07-23 21:28:17.966385+00:00,21,74,1215.38
2026-07-23 21:28:17.966385+00:00,21,75,816.92
2026-07-23 21:28:17.966385+00:00,21,76,942.36
2026-07-23 21:28:17.966385+00:00,21,77,2857.24
2026-07-23 21:28:17.966385+00:00,21,79,1379.69
2026-07-23 21:28:17.966385+00:00,21,80,887.19
2026-07-23 21:28:17.966385+00:00,21,82,1002.04
2026-07-23 21:28:17.966385+00:00,21,83,1151.96
2026-07-23 21:28:17.966385+00:00,21,85,1127.46
2026-07-23 21:28:17.966385+00:00,21,86,545.61
2026-07-23 21:28:17.966385+00:00,21,87,875.33
2026-07-23 21:28:17.966385+00:00,22,2,242.19
2026-07-23 21:28:17.966385+00:00,22,3,806.25
2026-07-23 21:28:17.966385+00:00,22,4,473.94
2026-07-23 21:28:17.966385+00:00,22,5,1128.2
2026-07-23 21:28:17.966385+00:00,22,6,1034.27
2026-07-23 21:28:17.966385+00:00,22,7,344.05
2026-07-23 21:28:17.966385+00:00,22,8,496.98
2026-07-23 21:28:17.966385+00:00,22,9,579.77
2026-07-23 21:28:17.966385+00:00,22,12,161.68
2026-07-23 21:28:17.966385+00:00,22,13,783.68
2026-07-23 21:28:17.966385+00:00,22,14,1332.65
2026-07-23 21:28:17.966385+00:00,22,17,951.16
2026-07-23 21:28:17.966385+00:00,22,21,1437.54
2026-07-23 21:28:17.966385+00:00,22,22,0.0
2026-07-23 21:28:17.966385+00:00,22,24,406.14
2026-07-23 21:28:17.966385+00:00,22,25,747.51
2026-07-23 21:28:17.966385+00:00,22,26,571.74
2026-07-23 21:28:17.966385+00:00,22,27,240.17
2026-07-23 21:28:17.966385+00:00,22,29,1269.24
2026-07-23 21:28:17.966385+00:00,22,32,516.78
2026-07-23 21:28:17.966385+00:00,22,33,367.55
2026-07-23 21:28:17.966385+00:00,22,35,352.69
2026-07-23 21:28:17.966385+00:00,22,36,358.02
2026-07-23 21:28:17.966385+00:00,22,38,80.71
2026-07-23 21:28:17.966385+00:00,22,41,1351.48
2026-07-23 21:28:17.966385+00:00,22,43,453.14
2026-07-23 21:28:17.966385+00:00,22,44,975.99
2026-07-23 21:28:17.966385+00:00,22,45,202.67
2026-07-23 21:28:17.966385+00:00,22,46,796.22
2026-07-23 21:28:17.966385+00:00,22,48,1282.04
2026-07-23 21:28:17.966385+00:00,22,49,1575.59
2026-07-23 21:28:17.966385+00:00,22,50,484.4
2026-07-23 21:28:17.966385+00:00,22,54,850.12
2026-07-23 21:28:17.966385+00:00,22,56,1033.46
2026-07-23 21:28:17.966385+00:00,22,57,673.82
2026-07-23 21:28:17.966385+00:00,22,58,1268.05
2026-07-23 21:28:17.966385+00:00,22,59,601.34
2026-07-23 21:28:17.966385+00:00,22,60,413.27
2026-07-23 21:28:17.966385+00:00,22,61,2837.69
2026-07-23 21:28:17.966385+00:00,22,63,292.83
2026-07-23 21:28:17.966385+00:00,22,64,235.47
2026-07-23 21:28:17.966385+00:00,22,65,822.48
2026-07-23 21:28:17.966385+00:00,22,66,718.29
2026-07-23 21:28:17.966385+00:00,22,68,2529.85
2026-07-23 21:28:17.966385+00:00,22,69,492.43
2026-07-23 21:28:17.966385+00:00,22,70,952.77
2026-07-23 21:28:17.966385+00:00,22,71,227.27
2026-07-23 21:28:17.966385+00:00,22,73,954.64
2026-07-23 21:28:17.966385+00:00,22,74,1227.19
2026-07-23 21:28:17.966385+00:00,22,75,748.96
2026-07-23 21:28:17.966385+00:00,22,76,619.34
2026-07-23 21:28:17.966385+00:00,22,77,2633.55
2026-07-23 21:28:17.966385+00:00,22,79,821.1
2026-07-23 21:28:17.966385+00:00,22,80,1693.76
2026-07-23 21:28:17.966385+00:00,22,82,1136.35
2026-07-23 21:28:17.966385+00:00,22,83,334.01
2026-07-23 21:28:17.966385+00:00,22,85,587.14
2026-07-23 21:28:17.966385+00:00,22,86,1005.59
2026-07-23 21:28:17.966385+00:00,22,87,1420.89
2026-07-23 21:28:17.966385+00:00,24,2,594.59
2026-07-23 21:28:17.966385+00:00,24,3,325.24
2026-07-23 21:28:17.966385+00:00,24,4,398.59
2026-07-23 21:28:17.966385+00:00,24,5,1329.66
2026-07-23 21:28:17.966385+00:00,24,6,647.98
2026-07-23 21:28:17.966385+00:00,24,7,110.73
2026-07-23 21:28:17.966385+00:00,24,8,243.25
2026-07-23 21:28:17.966385+00:00,24,9,958.85
2026-07-23 21:28:17.966385+00:00,24,12,543.23
2026-07-23 21:28:17.966385+00:00,24,13,571.67
2026-07-23 21:28:17.966385+00:00,24,14,1390.68
2026-07-23 21:28:17.966385+00:00,24,17,913.31
2026-07-23 21:28:17.966385+00:00,24,21,1082.46
2026-07-23 21:28:17.966385+00:00,24,22,442.96
2026-07-23 21:28:17.966385+00:00,24,24,0.0
2026-07-23 21:28:17.966385+00:00,24,25,1039.45
2026-07-23 21:28:17.966385+00:00,24,26,657.53
2026-07-23 21:28:17.966385+00:00,24,27,432.3
2026-07-23 21:28:17.966385+00:00,24,29,1231.39
2026-07-23 21:28:17.966385+00:00,24,32,278.83
2026-07-23 21:28:17.966385+00:00,24,33,650.39
2026-07-23 21:28:17.966385+00:00,24,35,532.08
2026-07-23 21:28:17.966385+00:00,24,36,400.69
2026-07-23 21:28:17.966385+00:00,24,38,354.65
2026-07-23 21:28:17.966385+00:00,24,41,996.4
2026-07-23 21:28:17.966385+00:00,24,43,811.71
2026-07-23 21:28:17.966385+00:00,24,44,1334.56
2026-07-23 21:28:17.966385+00:00,24,45,374.21
2026-07-23 21:28:17.966385+00:00,24,46,409.93
2026-07-23 21:28:17.966385+00:00,24,48,759.15
2026-07-23 21:28:17.966385+00:00,24,49,1183.39
2026-07-23 21:28:17.966385+00:00,24,50,865.96
2026-07-23 21:28:17.966385+00:00,24,54,1039.94
2026-07-23 21:28:17.966385+00:00,24,56,1344.87
2026-07-23 21:28:17.966385+00:00,24,57,328.83
2026-07-23 21:28:17.966385+00:00,24,58,1559.98
2026-07-23 21:28:17.966385+00:00,24,59,251.32
2026-07-23 21:28:17.966385+00:00,24,60,514.78
2026-07-23 21:28:17.966385+00:00,24,61,2799.83
2026-07-23 21:28:17.966385+00:00,24,63,366.2
2026-07-23 21:28:17.966385+00:00,24,64,614.55
2026-07-23 21:28:17.966385+00:00,24,65,1114.41
2026-07-23 21:28:17.966385+00:00,24,66,1059.9
2026-07-23 21:28:17.966385+00:00,24,68,2686.85
2026-07-23 21:28:17.966385+00:00,24,69,774.59
2026-07-23 21:28:17.966385+00:00,24,70,1207.39
2026-07-23 21:28:17.966385+00:00,24,71,241.14
2026-07-23 21:28:17.966385+00:00,24,73,568.35
2026-07-23 21:28:17.966385+00:00,24,74,1189.33
2026-07-23 21:28:17.966385+00:00,24,75,387.14
2026-07-23 21:28:17.966385+00:00,24,76,413.38
2026-07-23 21:28:17.966385+00:00,24,77,2841.1
2026-07-23 21:28:17.966385+00:00,24,79,579.01
2026-07-23 21:28:17.966385+00:00,24,80,1318.7
2026-07-23 21:28:17.966385+00:00,24,82,1098.49
2026-07-23 21:28:17.966385+00:00,24,83,338.48
2026-07-23 21:28:17.966385+00:00,24,85,871.22
2026-07-23 21:28:17.966385+00:00,24,86,636.54
2026-07-23 21:28:17.966385+00:00,24,87,1061.69
2026-07-23 21:28:17.966385+00:00,25,2,1035.52
2026-07-23 21:28:17.966385+00:00,25,3,1479.84
2026-07-23 21:28:17.966385+00:00,25,4,1147.54
2026-07-23 21:28:17.966385+00:00,25,5,348.04
2026-07-23 21:28:17.966385+00:00,25,6,1707.86
2026-07-23 21:28:17.966385+00:00,25,7,1017.65
2026-07-23 21:28:17.966385+00:00,25,8,902.94
2026-07-23 21:28:17.966385+00:00,25,9,236.71
2026-07-23 21:28:17.966385+00:00,25,12,668.34
2026-07-23 21:28:17.966385+00:00,25,13,687.67
2026-07-23 21:28:17.966385+00:00,25,14,409.05
2026-07-23 21:28:17.966385+00:00,25,17,458.24
2026-07-23 21:28:17.966385+00:00,25,21,1322.81
2026-07-23 21:28:17.966385+00:00,25,22,813.07
2026-07-23 21:28:17.966385+00:00,25,24,1079.73
2026-07-23 21:28:17.966385+00:00,25,25,0.0
2026-07-23 21:28:17.966385+00:00,25,26,1239.91
2026-07-23 21:28:17.966385+00:00,25,27,644.58
2026-07-23 21:28:17.966385+00:00,25,29,680.45
2026-07-23 21:28:17.966385+00:00,25,32,1190.37
2026-07-23 21:28:17.966385+00:00,25,33,440.39
2026-07-23 21:28:17.966385+00:00,25,35,1020.86
2026-07-23 21:28:17.966385+00:00,25,36,1026.19
2026-07-23 21:28:17.966385+00:00,25,38,799.13
2026-07-23 21:28:17.966385+00:00,25,41,1273.51
2026-07-23 21:28:17.966385+00:00,25,43,698.96
2026-07-23 21:28:17.966385+00:00,25,44,506.75
2026-07-23 21:28:17.966385+00:00,25,45,708.18
2026-07-23 21:28:17.966385+00:00,25,46,1469.82
2026-07-23 21:28:17.966385+00:00,25,48,1955.64
2026-07-23 21:28:17.966385+00:00,25,49,1149.19
2026-07-23 21:28:17.966385+00:00,25,50,389.44
2026-07-23 21:28:17.966385+00:00,25,54,301.04
2026-07-23 21:28:17.966385+00:00,25,56,332.74
2026-07-23 21:28:17.966385+00:00,25,57,1347.41
2026-07-23 21:28:17.966385+00:00,25,58,578.36
2026-07-23 21:28:17.966385+00:00,25,59,1274.94
2026-07-23 21:28:17.966385+00:00,25,60,1081.44
2026-07-23 21:28:17.966385+00:00,25,61,2043.77
2026-07-23 21:28:17.966385+00:00,25,63,961.0
2026-07-23 21:28:17.966385+00:00,25,64,509.32
2026-07-23 21:28:17.966385+00:00,25,65,132.78
2026-07-23 21:28:17.966385+00:00,25,66,207.35
2026-07-23 21:28:17.966385+00:00,25,68,1723.83
2026-07-23 21:28:17.966385+00:00,25,69,320.56
2026-07-23 21:28:17.966385+00:00,25,70,257.99
2026-07-23 21:28:17.966385+00:00,25,71,895.45
2026-07-23 21:28:17.966385+00:00,25,73,1628.24
2026-07-23 21:28:17.966385+00:00,25,74,616.35
2026-07-23 21:28:17.966385+00:00,25,75,884.27
2026-07-23 21:28:17.966385+00:00,25,76,754.65
2026-07-23 21:28:17.966385+00:00,25,77,1963.88
2026-07-23 21:28:17.966385+00:00,25,79,1494.7
2026-07-23 21:28:17.966385+00:00,25,80,1234.29
2026-07-23 21:28:17.966385+00:00,25,82,574.35
2026-07-23 21:28:17.966385+00:00,25,83,732.83
2026-07-23 21:28:17.966385+00:00,25,85,239.23
2026-07-23 21:28:17.966385+00:00,25,86,1061.42
2026-07-23 21:28:17.966385+00:00,25,87,942.29
2026-07-23 21:28:17.966385+00:00,26,2,440.8
2026-07-23 21:28:17.966385+00:00,26,3,385.53
2026-07-23 21:28:17.966385+00:00,26,4,276.44
2026-07-23 21:28:17.966385+00:00,26,5,1563.48
2026-07-23 21:28:17.966385+00:00,26,6,768.38
2026-07-23 21:28:17.966385+00:00,26,7,618.07
2026-07-23 21:28:17.966385+00:00,26,8,781.41
2026-07-23 21:28:17.966385+00:00,26,9,1166.55
2026-07-23 21:28:17.966385+00:00,26,12,711.76
2026-07-23 21:28:17.966385+00:00,26,13,1068.1
2026-07-23 21:28:17.966385+00:00,26,14,1767.93
2026-07-23 21:28:17.966385+00:00,26,17,1235.59
2026-07-23 21:28:17.966385+00:00,26,21,1721.96
2026-07-23 21:28:17.966385+00:00,26,22,612.71
2026-07-23 21:28:17.966385+00:00,26,24,690.56
2026-07-23 21:28:17.966385+00:00,26,25,1237.22
2026-07-23 21:28:17.966385+00:00,26,26,0.0
2026-07-23 21:28:17.966385+00:00,26,27,638.97
2026-07-23 21:28:17.966385+00:00,26,29,1553.67
2026-07-23 21:28:17.966385+00:00,26,32,378.8
2026-07-23 21:28:17.966385+00:00,26,33,848.16
2026-07-23 21:28:17.966385+00:00,26,35,259.69
2026-07-23 21:28:17.966385+00:00,26,36,304.84
2026-07-23 21:28:17.966385+00:00,26,38,561.5
2026-07-23 21:28:17.966385+00:00,26,41,1635.9
2026-07-23 21:28:17.966385+00:00,26,43,888.42
2026-07-23 21:28:17.966385+00:00,26,44,1411.27
2026-07-23 21:28:17.966385+00:00,26,45,581.06
2026-07-23 21:28:17.966385+00:00,26,46,618.46
2026-07-23 21:28:17.966385+00:00,26,48,642.61
2026-07-23 21:28:17.966385+00:00,26,49,1860.01
2026-07-23 21:28:17.966385+00:00,26,50,1102.75
2026-07-23 21:28:17.966385+00:00,26,54,1362.22
2026-07-23 21:28:17.966385+00:00,26,56,1667.15
2026-07-23 21:28:17.966385+00:00,26,57,461.6
2026-07-23 21:28:17.966385+00:00,26,58,1757.76
2026-07-23 21:28:17.966385+00:00,26,59,885.76
2026-07-23 21:28:17.966385+00:00,26,60,281.76
2026-07-23 21:28:17.966385+00:00,26,61,3122.11
2026-07-23 21:28:17.966385+00:00,26,63,414.01
2026-07-23 21:28:17.966385+00:00,26,64,822.25
2026-07-23 21:28:17.966385+00:00,26,65,1312.19
2026-07-23 21:28:17.966385+00:00,26,66,1382.18
2026-07-23 21:28:17.966385+00:00,26,68,2965.13
2026-07-23 21:28:17.966385+00:00,26,69,973.05
2026-07-23 21:28:17.966385+00:00,26,70,1529.67
2026-07-23 21:28:17.966385+00:00,26,71,504.15
2026-07-23 21:28:17.966385+00:00,26,73,909.67
2026-07-23 21:28:17.966385+00:00,26,74,1511.61
2026-07-23 21:28:17.966385+00:00,26,75,1033.38
2026-07-23 21:28:17.966385+00:00,26,76,903.76
2026-07-23 21:28:17.966385+00:00,26,77,3163.38
2026-07-23 21:28:17.966385+00:00,26,79,403.58
2026-07-23 21:28:17.966385+00:00,26,80,1978.18
2026-07-23 21:28:17.966385+00:00,26,82,1420.77
2026-07-23 21:28:17.966385+00:00,26,83,660.76
2026-07-23 21:28:17.966385+00:00,26,85,1067.75
2026-07-23 21:28:17.966385+00:00,26,86,1290.01
2026-07-23 21:28:17.966385+00:00,26,87,1705.31
2026-07-23 21:28:17.966385+00:00,27,2,467.89
2026-07-23 21:28:17.966385+00:00,27,3,830.63
2026-07-23 21:28:17.966385+00:00,27,4,498.32
2026-07-23 21:28:17.966385+00:00,27,5,888.51
2026-07-23 21:28:17.966385+00:00,27,6,1058.65
2026-07-23 21:28:17.966385+00:00,27,7,368.43
2026-07-23 21:28:17.966385+00:00,27,8,253.72
2026-07-23 21:28:17.966385+00:00,27,9,558.61
2026-07-23 21:28:17.966385+00:00,27,12,166.98
2026-07-23 21:28:17.966385+00:00,27,13,540.41
2026-07-23 21:28:17.966385+00:00,27,14,949.53
2026-07-23 21:28:17.966385+00:00,27,17,707.9
2026-07-23 21:28:17.966385+00:00,27,21,1225.65
2026-07-23 21:28:17.966385+00:00,27,22,310.09
2026-07-23 21:28:17.966385+00:00,27,24,430.52
2026-07-23 21:28:17.966385+00:00,27,25,598.29
2026-07-23 21:28:17.966385+00:00,27,26,619.61
2026-07-23 21:28:17.966385+00:00,27,27,0.0
2026-07-23 21:28:17.966385+00:00,27,29,1025.98
2026-07-23 21:28:17.966385+00:00,27,32,541.16
2026-07-23 21:28:17.966385+00:00,27,33,209.23
2026-07-23 21:28:17.966385+00:00,27,35,402.4
2026-07-23 21:28:17.966385+00:00,27,36,405.88
2026-07-23 21:28:17.966385+00:00,27,38,224.97
2026-07-23 21:28:17.966385+00:00,27,41,1139.59
2026-07-23 21:28:17.966385+00:00,27,43,556.26
2026-07-23 21:28:17.966385+00:00,27,44,928.9
2026-07-23 21:28:17.966385+00:00,27,45,89.73
2026-07-23 21:28:17.966385+00:00,27,46,820.6
2026-07-23 21:28:17.966385+00:00,27,48,1306.42
2026-07-23 21:28:17.966385+00:00,27,49,1332.32
2026-07-23 21:28:17.966385+00:00,27,50,489.71
2026-07-23 21:28:17.966385+00:00,27,54,620.7
2026-07-23 21:28:17.966385+00:00,27,56,884.24
2026-07-23 21:28:17.966385+00:00,27,57,698.2
2026-07-23 21:28:17.966385+00:00,27,58,1118.83
2026-07-23 21:28:17.966385+00:00,27,59,625.72
2026-07-23 21:28:17.966385+00:00,27,60,461.14
2026-07-23 21:28:17.966385+00:00,27,61,2594.43
2026-07-23 21:28:17.966385+00:00,27,63,340.7
2026-07-23 21:28:17.966385+00:00,27,64,238.3
2026-07-23 21:28:17.966385+00:00,27,65,673.26
2026-07-23 21:28:17.966385+00:00,27,66,606.98
2026-07-23 21:28:17.966385+00:00,27,68,2248.44
2026-07-23 21:28:17.966385+00:00,27,69,334.12
2026-07-23 21:28:17.966385+00:00,27,70,768.98
2026-07-23 21:28:17.966385+00:00,27,71,275.14
2026-07-23 21:28:17.966385+00:00,27,73,979.02
2026-07-23 21:28:17.966385+00:00,27,74,983.92
2026-07-23 21:28:17.966385+00:00,27,75,505.69
2026-07-23 21:28:17.966385+00:00,27,76,376.07
2026-07-23 21:28:17.966385+00:00,27,77,2404.13
2026-07-23 21:28:17.966385+00:00,27,79,845.48
2026-07-23 21:28:17.966385+00:00,27,80,1450.49
2026-07-23 21:28:17.966385+00:00,27,82,893.08
2026-07-23 21:28:17.966385+00:00,27,83,93.87
2026-07-23 21:28:17.966385+00:00,27,85,428.82
2026-07-23 21:28:17.966385+00:00,27,86,762.32
2026-07-23 21:28:17.966385+00:00,27,87,1177.63
2026-07-23 21:28:17.966385+00:00,29,2,1499.58
2026-07-23 21:28:17.966385+00:00,29,3,1635.89
2026-07-23 21:28:17.966385+00:00,29,4,1303.58
2026-07-23 21:28:17.966385+00:00,29,5,899.11
2026-07-23 21:28:17.966385+00:00,29,6,1863.91
2026-07-23 21:28:17.966385+00:00,29,7,1173.69
2026-07-23 21:28:17.966385+00:00,29,8,925.82
2026-07-23 21:28:17.966385+00:00,29,9,898.24
2026-07-23 21:28:17.966385+00:00,29,12,1198.61
2026-07-23 21:28:17.966385+00:00,29,13,587.25
2026-07-23 21:28:17.966385+00:00,29,14,938.83
2026-07-23 21:28:17.966385+00:00,29,17,401.34
2026-07-23 21:28:17.966385+00:00,29,21,1168.41
2026-07-23 21:28:17.966385+00:00,29,22,1347.95
2026-07-23 21:28:17.966385+00:00,29,24,1235.78
2026-07-23 21:28:17.966385+00:00,29,25,698.94
2026-07-23 21:28:17.966385+00:00,29,26,1562.52
2026-07-23 21:28:17.966385+00:00,29,27,1032.16
2026-07-23 21:28:17.966385+00:00,29,29,0.0
2026-07-23 21:28:17.966385+00:00,29,32,1346.42
2026-07-23 21:28:17.966385+00:00,29,33,885.76
2026-07-23 21:28:17.966385+00:00,29,35,1437.07
2026-07-23 21:28:17.966385+00:00,29,36,1305.68
2026-07-23 21:28:17.966385+00:00,29,38,1259.64
2026-07-23 21:28:17.966385+00:00,29,41,1188.49
2026-07-23 21:28:17.966385+00:00,29,43,1278.36
2026-07-23 21:28:17.966385+00:00,29,44,1057.83
2026-07-23 21:28:17.966385+00:00,29,45,1121.36
2026-07-23 21:28:17.966385+00:00,29,46,1625.86
2026-07-23 21:28:17.966385+00:00,29,48,2111.68
2026-07-23 21:28:17.966385+00:00,29,49,593.28
2026-07-23 21:28:17.966385+00:00,29,50,1033.19
2026-07-23 21:28:17.966385+00:00,29,54,418.58
2026-07-23 21:28:17.966385+00:00,29,56,638.22
2026-07-23 21:28:17.966385+00:00,29,57,1503.46
2026-07-23 21:28:17.966385+00:00,29,58,1010.31
2026-07-23 21:28:17.966385+00:00,29,59,1430.98
2026-07-23 21:28:17.966385+00:00,29,60,1419.78
2026-07-23 21:28:17.966385+00:00,29,61,1631.85
2026-07-23 21:28:17.966385+00:00,29,63,1271.19
2026-07-23 21:28:17.966385+00:00,29,64,1028.45
2026-07-23 21:28:17.966385+00:00,29,65,709.23
2026-07-23 21:28:17.966385+00:00,29,66,652.86
2026-07-23 21:28:17.966385+00:00,29,68,1800.1
2026-07-23 21:28:17.966385+00:00,29,69,770.86
2026-07-23 21:28:17.966385+00:00,29,70,486.67
2026-07-23 21:28:17.966385+00:00,29,71,1146.13
2026-07-23 21:28:17.966385+00:00,29,73,1784.28
2026-07-23 21:28:17.966385+00:00,29,74,114.1
2026-07-23 21:28:17.966385+00:00,29,75,857.95
2026-07-23 21:28:17.966385+00:00,29,76,779.4
2026-07-23 21:28:17.966385+00:00,29,77,1876.52
2026-07-23 21:28:17.966385+00:00,29,79,1650.75
2026-07-23 21:28:17.966385+00:00,29,80,641.1
2026-07-23 21:28:17.966385+00:00,29,82,166.76
2026-07-23 21:28:17.966385+00:00,29,83,938.34
2026-07-23 21:28:17.966385+00:00,29,85,751.41
2026-07-23 21:28:17.966385+00:00,29,86,1056.03
2026-07-23 21:28:17.966385+00:00,29,87,349.1
2026-07-23 21:28:17.966385+00:00,32,2,602.75
2026-07-23 21:28:17.966385+00:00,32,3,291.03
2026-07-23 21:28:17.966385+00:00,32,4,239.9
2026-07-23 21:28:17.966385+00:00,32,5,1438.51
2026-07-23 21:28:17.966385+00:00,32,6,715.14
2026-07-23 21:28:17.966385+00:00,32,7,237.15
2026-07-23 21:28:17.966385+00:00,32,8,369.66
2026-07-23 21:28:17.966385+00:00,32,9,1067.7
2026-07-23 21:28:17.966385+00:00,32,12,652.08
2026-07-23 21:28:17.966385+00:00,32,13,854.67
2026-07-23 21:28:17.966385+00:00,32,14,1499.53
2026-07-23 21:28:17.966385+00:00,32,17,1022.16
2026-07-23 21:28:17.966385+00:00,32,21,1310.15
2026-07-23 21:28:17.966385+00:00,32,22,549.18
2026-07-23 21:28:17.966385+00:00,32,24,251.02
2026-07-23 21:28:17.966385+00:00,32,25,1148.3
2026-07-23 21:28:17.966385+00:00,32,26,498.84
2026-07-23 21:28:17.966385+00:00,32,27,541.16
2026-07-23 21:28:17.966385+00:00,32,29,1340.24
2026-07-23 21:28:17.966385+00:00,32,32,0.0
2026-07-23 21:28:17.966385+00:00,32,33,759.24
2026-07-23 21:28:17.966385+00:00,32,35,465.93
2026-07-23 21:28:17.966385+00:00,32,36,242.0
2026-07-23 21:28:17.966385+00:00,32,38,460.87
2026-07-23 21:28:17.966385+00:00,32,41,1224.09
2026-07-23 21:28:17.966385+00:00,32,43,917.92
2026-07-23 21:28:17.966385+00:00,32,44,1440.77
2026-07-23 21:28:17.966385+00:00,32,45,480.43
2026-07-23 21:28:17.966385+00:00,32,46,477.09
2026-07-23 21:28:17.966385+00:00,32,48,826.3
2026-07-23 21:28:17.966385+00:00,32,49,1410.57
2026-07-23 21:28:17.966385+00:00,32,50,974.81
2026-07-23 21:28:17.966385+00:00,32,54,1148.79
2026-07-23 21:28:17.966385+00:00,32,56,1453.72
2026-07-23 21:28:17.966385+00:00,32,57,294.62
2026-07-23 21:28:17.966385+00:00,32,58,1668.84
2026-07-23 21:28:17.966385+00:00,32,59,404.0
2026-07-23 21:28:17.966385+00:00,32,60,356.09
2026-07-23 21:28:17.966385+00:00,32,61,2908.69
2026-07-23 21:28:17.966385+00:00,32,63,351.16
2026-07-23 21:28:17.966385+00:00,32,64,723.4
2026-07-23 21:28:17.966385+00:00,32,65,1223.26
2026-07-23 21:28:17.966385+00:00,32,66,1168.75
2026-07-23 21:28:17.966385+00:00,32,68,2795.7
2026-07-23 21:28:17.966385+00:00,32,69,883.44
2026-07-23 21:28:17.966385+00:00,32,70,1316.24
2026-07-23 21:28:17.966385+00:00,32,71,347.36
2026-07-23 21:28:17.966385+00:00,32,73,701.09
2026-07-23 21:28:17.966385+00:00,32,74,1298.18
2026-07-23 21:28:17.966385+00:00,32,75,614.33
2026-07-23 21:28:17.966385+00:00,32,76,590.07
2026-07-23 21:28:17.966385+00:00,32,77,2949.95
2026-07-23 21:28:17.966385+00:00,32,79,442.62
2026-07-23 21:28:17.966385+00:00,32,80,1545.89
2026-07-23 21:28:17.966385+00:00,32,82,1207.34
2026-07-23 21:28:17.966385+00:00,32,83,447.33
2026-07-23 21:28:17.966385+00:00,32,85,980.08
2026-07-23 21:28:17.966385+00:00,32,86,863.72
2026-07-23 21:28:17.966385+00:00,32,87,1288.87
2026-07-23 21:28:17.966385+00:00,33,2,622.74
2026-07-23 21:28:17.966385+00:00,33,3,1041.44
2026-07-23 21:28:17.966385+00:00,33,4,709.13
2026-07-23 21:28:17.966385+00:00,33,5,679.39
2026-07-23 21:28:17.966385+00:00,33,6,1269.46
2026-07-23 21:28:17.966385+00:00,33,7,579.24
2026-07-23 21:28:17.966385+00:00,33,8,464.53
2026-07-23 21:28:17.966385+00:00,33,9,378.9
2026-07-23 21:28:17.966385+00:00,33,12,320.21
2026-07-23 21:28:17.966385+00:00,33,13,420.33
2026-07-23 21:28:17.966385+00:00,33,14,740.41
2026-07-23 21:28:17.966385+00:00,33,17,587.82
2026-07-23 21:28:17.966385+00:00,33,21,1169.58
2026-07-23 21:28:17.966385+00:00,33,22,464.94
2026-07-23 21:28:17.966385+00:00,33,24,641.33
2026-07-23 21:28:17.966385+00:00,33,25,389.17
2026-07-23 21:28:17.966385+00:00,33,26,804.57
2026-07-23 21:28:17.966385+00:00,33,27,209.23
2026-07-23 21:28:17.966385+00:00,33,29,905.89
2026-07-23 21:28:17.966385+00:00,33,32,751.97
2026-07-23 21:28:17.966385+00:00,33,33,0.0
2026-07-23 21:28:17.966385+00:00,33,35,585.52
2026-07-23 21:28:17.966385+00:00,33,36,590.84
2026-07-23 21:28:17.966385+00:00,33,38,408.08
2026-07-23 21:28:17.966385+00:00,33,41,1083.52
2026-07-23 21:28:17.966385+00:00,33,43,531.67
2026-07-23 21:28:17.966385+00:00,33,44,756.03
2026-07-23 21:28:17.966385+00:00,33,45,272.84
2026-07-23 21:28:17.966385+00:00,33,46,1031.41
2026-07-23 21:28:17.966385+00:00,33,48,1517.23
2026-07-23 21:28:17.966385+00:00,33,49,1212.24
2026-07-23 21:28:17.966385+00:00,33,50,394.63
2026-07-23 21:28:17.966385+00:00,33,54,482.69
2026-07-23 21:28:17.966385+00:00,33,56,675.12
2026-07-23 21:28:17.966385+00:00,33,57,909.01
2026-07-23 21:28:17.966385+00:00,33,58,909.71
2026-07-23 21:28:17.966385+00:00,33,59,836.53
2026-07-23 21:28:17.966385+00:00,33,60,646.1
2026-07-23 21:28:17.966385+00:00,33,61,2365.74
2026-07-23 21:28:17.966385+00:00,33,63,525.66
2026-07-23 21:28:17.966385+00:00,33,64,161.19
2026-07-23 21:28:17.966385+00:00,33,65,464.14
2026-07-23 21:28:17.966385+00:00,33,66,359.95
2026-07-23 21:28:17.966385+00:00,33,68,2066.22
2026-07-23 21:28:17.966385+00:00,33,69,125.0
2026-07-23 21:28:17.966385+00:00,33,70,594.43
2026-07-23 21:28:17.966385+00:00,33,71,460.1
2026-07-23 21:28:17.966385+00:00,33,73,1189.83
2026-07-23 21:28:17.966385+00:00,33,74,863.84
2026-07-23 21:28:17.966385+00:00,33,75,445.86
2026-07-23 21:28:17.966385+00:00,33,76,316.24
2026-07-23 21:28:17.966385+00:00,33,77,2266.12
2026-07-23 21:28:17.966385+00:00,33,79,1056.29
2026-07-23 21:28:17.966385+00:00,33,80,1330.41
2026-07-23 21:28:17.966385+00:00,33,82,773.0
2026-07-23 21:28:17.966385+00:00,33,83,297.83
2026-07-23 21:28:17.966385+00:00,33,85,219.71
2026-07-23 21:28:17.966385+00:00,33,86,686.55
2026-07-23 21:28:17.966385+00:00,33,87,1057.54
2026-07-23 21:28:17.966385+00:00,35,2,188.74
2026-07-23 21:28:17.966385+00:00,35,3,582.22
2026-07-23 21:28:17.966385+00:00,35,4,249.91
2026-07-23 21:28:17.966385+00:00,35,5,1244.39
2026-07-23 21:28:17.966385+00:00,35,6,965.07
2026-07-23 21:28:17.966385+00:00,35,7,558.78
2026-07-23 21:28:17.966385+00:00,35,8,722.12
2026-07-23 21:28:17.966385+00:00,35,9,858.27
2026-07-23 21:28:17.966385+00:00,35,12,385.71
2026-07-23 21:28:17.966385+00:00,35,13,1008.82
2026-07-23 21:28:17.966385+00:00,35,14,1448.84
2026-07-23 21:28:17.966385+00:00,35,17,1176.3
2026-07-23 21:28:17.966385+00:00,35,21,1662.68
2026-07-23 21:28:17.966385+00:00,35,22,286.65
2026-07-23 21:28:17.966385+00:00,35,24,631.27
2026-07-23 21:28:17.966385+00:00,35,25,1034.44
2026-07-23 21:28:17.966385+00:00,35,26,347.55
2026-07-23 21:28:17.966385+00:00,35,27,518.01
2026-07-23 21:28:17.966385+00:00,35,29,1494.38
2026-07-23 21:28:17.966385+00:00,35,32,436.88
2026-07-23 21:28:17.966385+00:00,35,33,645.38
2026-07-23 21:28:17.966385+00:00,35,35,0.0
2026-07-23 21:28:17.966385+00:00,35,36,212.16
2026-07-23 21:28:17.966385+00:00,35,38,356.4
2026-07-23 21:28:17.966385+00:00,35,41,1576.62
2026-07-23 21:28:17.966385+00:00,35,43,569.34
2026-07-23 21:28:17.966385+00:00,35,44,1092.19
2026-07-23 21:28:17.966385+00:00,35,45,477.79
2026-07-23 21:28:17.966385+00:00,35,46,877.72
2026-07-23 21:28:17.966385+00:00,35,48,1058.01
2026-07-23 21:28:17.966385+00:00,35,49,1800.73
2026-07-23 21:28:17.966385+00:00,35,50,783.66
2026-07-23 21:28:17.966385+00:00,35,54,1127.96
2026-07-23 21:28:17.966385+00:00,35,56,1320.39
2026-07-23 21:28:17.966385+00:00,35,57,658.29
2026-07-23 21:28:17.966385+00:00,35,58,1604.37
2026-07-23 21:28:17.966385+00:00,35,59,826.48
2026-07-23 21:28:17.966385+00:00,35,60,189.08
2026-07-23 21:28:17.966385+00:00,35,61,3062.83
2026-07-23 21:28:17.966385+00:00,35,63,340.52
2026-07-23 21:28:17.966385+00:00,35,64,516.39
2026-07-23 21:28:17.966385+00:00,35,65,1109.41
2026-07-23 21:28:17.966385+00:00,35,66,1005.22
2026-07-23 21:28:17.966385+00:00,35,68,2646.04
2026-07-23 21:28:17.966385+00:00,35,69,770.27
2026-07-23 21:28:17.966385+00:00,35,70,1239.7
2026-07-23 21:28:17.966385+00:00,35,71,411.46
2026-07-23 21:28:17.966385+00:00,35,73,1106.36
2026-07-23 21:28:17.966385+00:00,35,74,1452.32
2026-07-23 21:28:17.966385+00:00,35,75,974.09
2026-07-23 21:28:17.966385+00:00,35,76,844.48
2026-07-23 21:28:17.966385+00:00,35,77,3056.52
2026-07-23 21:28:17.966385+00:00,35,79,597.07
2026-07-23 21:28:17.966385+00:00,35,80,1918.89
2026-07-23 21:28:17.966385+00:00,35,82,1361.48
2026-07-23 21:28:17.966385+00:00,35,83,528.3
2026-07-23 21:28:17.966385+00:00,35,85,864.97
2026-07-23 21:28:17.966385+00:00,35,86,1230.72
2026-07-23 21:28:17.966385+00:00,35,87,1646.03
2026-07-23 21:28:17.966385+00:00,36,2,494.66
2026-07-23 21:28:17.966385+00:00,36,3,598.71
2026-07-23 21:28:17.966385+00:00,36,4,266.4
2026-07-23 21:28:17.966385+00:00,36,5,1388.8
2026-07-23 21:28:17.966385+00:00,36,6,884.76
2026-07-23 21:28:17.966385+00:00,36,7,327.77
2026-07-23 21:28:17.966385+00:00,36,8,491.11
2026-07-23 21:28:17.966385+00:00,36,9,861.74
2026-07-23 21:28:17.966385+00:00,36,12,445.02
2026-07-23 21:28:17.966385+00:00,36,13,777.81
2026-07-23 21:28:17.966385+00:00,36,14,1283.65
2026-07-23 21:28:17.966385+00:00,36,17,945.29
2026-07-23 21:28:17.966385+00:00,36,21,1431.67
2026-07-23 21:28:17.966385+00:00,36,22,345.0
2026-07-23 21:28:17.966385+00:00,36,24,400.26
2026-07-23 21:28:17.966385+00:00,36,25,932.41
2026-07-23 21:28:17.966385+00:00,36,26,388.11
2026-07-23 21:28:17.966385+00:00,36,27,334.16
2026-07-23 21:28:17.966385+00:00,36,29,1263.37
2026-07-23 21:28:17.966385+00:00,36,32,309.24
2026-07-23 21:28:17.966385+00:00,36,33,543.35
2026-07-23 21:28:17.966385+00:00,36,35,303.5
2026-07-23 21:28:17.966385+00:00,36,36,0.0
2026-07-23 21:28:17.966385+00:00,36,38,256.69
2026-07-23 21:28:17.966385+00:00,36,41,1345.61
2026-07-23 21:28:17.966385+00:00,36,43,713.74
2026-07-23 21:28:17.966385+00:00,36,44,1236.59
2026-07-23 21:28:17.966385+00:00,36,45,276.25
2026-07-23 21:28:17.966385+00:00,36,46,646.71
2026-07-23 21:28:17.966385+00:00,36,48,1074.5
2026-07-23 21:28:17.966385+00:00,36,49,1569.72
2026-07-23 21:28:17.966385+00:00,36,50,767.74
2026-07-23 21:28:17.966385+00:00,36,54,1071.92
2026-07-23 21:28:17.966385+00:00,36,56,1376.85
2026-07-23 21:28:17.966385+00:00,36,57,674.78
2026-07-23 21:28:17.966385+00:00,36,58,1452.95
2026-07-23 21:28:17.966385+00:00,36,59,595.47
2026-07-23 21:28:17.966385+00:00,36,60,229.64
2026-07-23 21:28:17.966385+00:00,36,61,2831.82
2026-07-23 21:28:17.966385+00:00,36,63,109.19
2026-07-23 21:28:17.966385+00:00,36,64,517.44
2026-07-23 21:28:17.966385+00:00,36,65,1007.38
2026-07-23 21:28:17.966385+00:00,36,66,922.98
2026-07-23 21:28:17.966385+00:00,36,68,2790.45
2026-07-23 21:28:17.966385+00:00,36,69,668.24
2026-07-23 21:28:17.966385+00:00,36,70,1239.38
2026-07-23 21:28:17.966385+00:00,36,71,199.34
2026-07-23 21:28:17.966385+00:00,36,73,870.72
2026-07-23 21:28:17.966385+00:00,36,74,1221.31
2026-07-23 21:28:17.966385+00:00,36,75,743.08
2026-07-23 21:28:17.966385+00:00,36,76,613.47
2026-07-23 21:28:17.966385+00:00,36,77,2873.08
2026-07-23 21:28:17.966385+00:00,36,79,613.56
2026-07-23 21:28:17.966385+00:00,36,80,1687.88
2026-07-23 21:28:17.966385+00:00,36,82,1130.47
2026-07-23 21:28:17.966385+00:00,36,83,316.17
2026-07-23 21:28:17.966385+00:00,36,85,762.94
2026-07-23 21:28:17.966385+00:00,36,86,999.71
2026-07-23 21:28:17.966385+00:00,36,87,1415.02
2026-07-23 21:28:17.966385+00:00,38,2,369.3
2026-07-23 21:28:17.966385+00:00,38,3,760.35
2026-07-23 21:28:17.966385+00:00,38,4,428.04
2026-07-23 21:28:17.966385+00:00,38,5,1261.47
2026-07-23 21:28:17.966385+00:00,38,6,988.37
2026-07-23 21:28:17.966385+00:00,38,7,298.15
2026-07-23 21:28:17.966385+00:00,38,8,451.09
2026-07-23 21:28:17.966385+00:00,38,9,736.56
2026-07-23 21:28:17.966385+00:00,38,12,319.23
2026-07-23 21:28:17.966385+00:00,38,13,737.78
2026-07-23 21:28:17.966385+00:00,38,14,1158.64
2026-07-23 21:28:17.966385+00:00,38,17,905.27
2026-07-23 21:28:17.966385+00:00,38,21,1391.64
2026-07-23 21:28:17.966385+00:00,38,22,217.67
2026-07-23 21:28:17.966385+00:00,38,24,360.24
2026-07-23 21:28:17.966385+00:00,38,25,807.41
2026-07-23 21:28:17.966385+00:00,38,26,525.85
2026-07-23 21:28:17.966385+00:00,38,27,214.12
2026-07-23 21:28:17.966385+00:00,38,29,1223.35
2026-07-23 21:28:17.966385+00:00,38,32,470.88
2026-07-23 21:28:17.966385+00:00,38,33,418.35
2026-07-23 21:28:17.966385+00:00,38,35,306.79
2026-07-23 21:28:17.966385+00:00,38,36,312.12
2026-07-23 21:28:17.966385+00:00,38,38,0.0
2026-07-23 21:28:17.966385+00:00,38,41,1305.58
2026-07-23 21:28:17.966385+00:00,38,43,586.42
2026-07-23 21:28:17.966385+00:00,38,44,1109.27
2026-07-23 21:28:17.966385+00:00,38,45,156.21
2026-07-23 21:28:17.966385+00:00,38,46,750.33
2026-07-23 21:28:17.966385+00:00,38,48,1236.14
2026-07-23 21:28:17.966385+00:00,38,49,1529.69
2026-07-23 21:28:17.966385+00:00,38,50,641.95
2026-07-23 21:28:17.966385+00:00,38,54,816.66
2026-07-23 21:28:17.966385+00:00,38,56,1093.35
2026-07-23 21:28:17.966385+00:00,38,57,627.92
2026-07-23 21:28:17.966385+00:00,38,58,1327.94
2026-07-23 21:28:17.966385+00:00,38,59,555.44
2026-07-23 21:28:17.966385+00:00,38,60,367.38
2026-07-23 21:28:17.966385+00:00,38,61,2791.8
2026-07-23 21:28:17.966385+00:00,38,63,246.94
2026-07-23 21:28:17.966385+00:00,38,64,392.26
2026-07-23 21:28:17.966385+00:00,38,65,882.37
2026-07-23 21:28:17.966385+00:00,38,66,802.94
2026-07-23 21:28:17.966385+00:00,38,68,2663.13
2026-07-23 21:28:17.966385+00:00,38,69,543.23
2026-07-23 21:28:17.966385+00:00,38,70,964.94
2026-07-23 21:28:17.966385+00:00,38,71,181.38
2026-07-23 21:28:17.966385+00:00,38,73,908.74
2026-07-23 21:28:17.966385+00:00,38,74,1181.29
2026-07-23 21:28:17.966385+00:00,38,75,703.06
2026-07-23 21:28:17.966385+00:00,38,76,573.44
2026-07-23 21:28:17.966385+00:00,38,77,2600.09
2026-07-23 21:28:17.966385+00:00,38,79,775.21
2026-07-23 21:28:17.966385+00:00,38,80,1647.86
2026-07-23 21:28:17.966385+00:00,38,82,1090.45
2026-07-23 21:28:17.966385+00:00,38,83,288.02
2026-07-23 21:28:17.966385+00:00,38,85,637.94
2026-07-23 21:28:17.966385+00:00,38,86,959.69
2026-07-23 21:28:17.966385+00:00,38,87,1375.0
2026-07-23 21:28:17.966385+00:00,41,2,1670.56
2026-07-23 21:28:17.966385+00:00,41,3,1209.46
2026-07-23 21:28:17.966385+00:00,41,4,1474.56
2026-07-23 21:28:17.966385+00:00,41,5,1576.76
2026-07-23 21:28:17.966385+00:00,41,6,941.85
2026-07-23 21:28:17.966385+00:00,41,7,1113.41
2026-07-23 21:28:17.966385+00:00,41,8,989.65
2026-07-23 21:28:17.966385+00:00,41,9,1337.24
2026-07-23 21:28:17.966385+00:00,41,12,1369.59
2026-07-23 21:28:17.966385+00:00,41,13,695.33
2026-07-23 21:28:17.966385+00:00,41,14,1637.78
2026-07-23 21:28:17.966385+00:00,41,17,917.92
2026-07-23 21:28:17.966385+00:00,41,21,117.94
2026-07-23 21:28:17.966385+00:00,41,22,1518.93
2026-07-23 21:28:17.966385+00:00,41,24,1021.01
2026-07-23 21:28:17.966385+00:00,41,25,1265.95
2026-07-23 21:28:17.966385+00:00,41,26,1733.5
2026-07-23 21:28:17.966385+00:00,41,27,1203.14
2026-07-23 21:28:17.966385+00:00,41,29,1160.29
2026-07-23 21:28:17.966385+00:00,41,32,1292.0
2026-07-23 21:28:17.966385+00:00,41,33,1097.43
2026-07-23 21:28:17.966385+00:00,41,35,1608.05
2026-07-23 21:28:17.966385+00:00,41,36,1476.66
2026-07-23 21:28:17.966385+00:00,41,38,1430.62
2026-07-23 21:28:17.966385+00:00,41,41,0.0
2026-07-23 21:28:17.966385+00:00,41,43,1589.64
2026-07-23 21:28:17.966385+00:00,41,44,1725.13
2026-07-23 21:28:17.966385+00:00,41,45,1292.34
2026-07-23 21:28:17.966385+00:00,41,46,1068.89
2026-07-23 21:28:17.966385+00:00,41,48,1069.9
2026-07-23 21:28:17.966385+00:00,41,49,600.7
2026-07-23 21:28:17.966385+00:00,41,50,1398.75
2026-07-23 21:28:17.966385+00:00,41,54,1129.04
2026-07-23 21:28:17.966385+00:00,41,56,1433.97
2026-07-23 21:28:17.966385+00:00,41,57,1213.05
2026-07-23 21:28:17.966385+00:00,41,58,1785.85
2026-07-23 21:28:17.966385+00:00,41,59,875.98
2026-07-23 21:28:17.966385+00:00,41,60,1590.76
2026-07-23 21:28:17.966385+00:00,41,61,2444.26
2026-07-23 21:28:17.966385+00:00,41,63,1442.17
2026-07-23 21:28:17.966385+00:00,41,64,1257.94
2026-07-23 21:28:17.966385+00:00,41,65,1361.51
2026-07-23 21:28:17.966385+00:00,41,66,1149.0
2026-07-23 21:28:17.966385+00:00,41,68,2775.95
2026-07-23 21:28:17.966385+00:00,41,69,1063.66
2026-07-23 21:28:17.966385+00:00,41,70,1296.49
2026-07-23 21:28:17.966385+00:00,41,71,1317.11
2026-07-23 21:28:17.966385+00:00,41,73,857.38
2026-07-23 21:28:17.966385+00:00,41,74,1191.42
2026-07-23 21:28:17.966385+00:00,41,75,774.28
2026-07-23 21:28:17.966385+00:00,41,76,899.72
2026-07-23 21:28:17.966385+00:00,41,77,2930.2
2026-07-23 21:28:17.966385+00:00,41,79,1337.05
2026-07-23 21:28:17.966385+00:00,41,80,892.27
2026-07-23 21:28:17.966385+00:00,41,82,1005.05
2026-07-23 21:28:17.966385+00:00,41,83,1109.32
2026-07-23 21:28:17.966385+00:00,41,85,1084.82
2026-07-23 21:28:17.966385+00:00,41,86,502.97
2026-07-23 21:28:17.966385+00:00,41,87,880.4
2026-07-23 21:28:17.966385+00:00,43,2,447.77
2026-07-23 21:28:17.966385+00:00,43,3,1218.64
2026-07-23 21:28:17.966385+00:00,43,4,886.33
2026-07-23 21:28:17.966385+00:00,43,5,786.27
2026-07-23 21:28:17.966385+00:00,43,6,1446.66
2026-07-23 21:28:17.966385+00:00,43,7,756.45
2026-07-23 21:28:17.966385+00:00,43,8,781.77
2026-07-23 21:28:17.966385+00:00,43,9,502.85
2026-07-23 21:28:17.966385+00:00,43,12,403.35
2026-07-23 21:28:17.966385+00:00,43,13,856.25
2026-07-23 21:28:17.966385+00:00,43,14,990.72
2026-07-23 21:28:17.966385+00:00,43,17,1011.83
2026-07-23 21:28:17.966385+00:00,43,21,1663.23
2026-07-23 21:28:17.966385+00:00,43,22,443.05
2026-07-23 21:28:17.966385+00:00,43,24,818.53
2026-07-23 21:28:17.966385+00:00,43,25,764.97
2026-07-23 21:28:17.966385+00:00,43,26,918.49
2026-07-23 21:28:17.966385+00:00,43,27,528.08
2026-07-23 21:28:17.966385+00:00,43,29,1292.95
2026-07-23 21:28:17.966385+00:00,43,32,929.17
2026-07-23 21:28:17.966385+00:00,43,33,529.03
2026-07-23 21:28:17.966385+00:00,43,35,569.57
2026-07-23 21:28:17.966385+00:00,43,36,770.41
2026-07-23 21:28:17.966385+00:00,43,38,493.11
2026-07-23 21:28:17.966385+00:00,43,41,1519.45
2026-07-23 21:28:17.966385+00:00,43,43,0.0
2026-07-23 21:28:17.966385+00:00,43,44,634.06
2026-07-23 21:28:17.966385+00:00,43,45,525.64
2026-07-23 21:28:17.966385+00:00,43,46,1208.61
2026-07-23 21:28:17.966385+00:00,43,48,1694.43
2026-07-23 21:28:17.966385+00:00,43,49,1699.52
2026-07-23 21:28:17.966385+00:00,43,50,325.54
2026-07-23 21:28:17.966385+00:00,43,54,913.54
2026-07-23 21:28:17.966385+00:00,43,56,979.03
2026-07-23 21:28:17.966385+00:00,43,57,1086.21
2026-07-23 21:28:17.966385+00:00,43,58,1146.24
2026-07-23 21:28:17.966385+00:00,43,59,1013.73
2026-07-23 21:28:17.966385+00:00,43,60,825.67
2026-07-23 21:28:17.966385+00:00,43,61,2698.63
2026-07-23 21:28:17.966385+00:00,43,63,705.23
2026-07-23 21:28:17.966385+00:00,43,64,453.3
2026-07-23 21:28:17.966385+00:00,43,65,728.23
2026-07-23 21:28:17.966385+00:00,43,66,741.01
2026-07-23 21:28:17.966385+00:00,43,68,2187.92
2026-07-23 21:28:17.966385+00:00,43,69,621.62
2026-07-23 21:28:17.966385+00:00,43,70,950.86
2026-07-23 21:28:17.966385+00:00,43,71,639.67
2026-07-23 21:28:17.966385+00:00,43,73,1367.04
2026-07-23 21:28:17.966385+00:00,43,74,1235.16
2026-07-23 21:28:17.966385+00:00,43,75,944.2
2026-07-23 21:28:17.966385+00:00,43,76,814.58
2026-07-23 21:28:17.966385+00:00,43,77,2598.4
2026-07-23 21:28:17.966385+00:00,43,79,1233.5
2026-07-23 21:28:17.966385+00:00,43,80,1801.38
2026-07-23 21:28:17.966385+00:00,43,82,1197.01
2026-07-23 21:28:17.966385+00:00,43,83,621.92
2026-07-23 21:28:17.966385+00:00,43,85,604.88
2026-07-23 21:28:17.966385+00:00,43,86,1200.83
2026-07-23 21:28:17.966385+00:00,43,87,1512.75
2026-07-23 21:28:17.966385+00:00,44,2,912.18
2026-07-23 21:28:17.966385+00:00,44,3,1683.04
2026-07-23 21:28:17.966385+00:00,44,4,1350.73
2026-07-23 21:28:17.966385+00:00,44,5,236.18
2026-07-23 21:28:17.966385+00:00,44,6,1911.06
2026-07-23 21:28:17.966385+00:00,44,7,1220.85
2026-07-23 21:28:17.966385+00:00,44,8,1079.55
2026-07-23 21:28:17.966385+00:00,44,9,348.55
2026-07-23 21:28:17.966385+00:00,44,12,867.75
2026-07-23 21:28:17.966385+00:00,44,13,1017.57
2026-07-23 21:28:17.966385+00:00,44,14,450.51
2026-07-23 21:28:17.966385+00:00,44,17,847.16
2026-07-23 21:28:17.966385+00:00,44,21,1674.95
2026-07-23 21:28:17.966385+00:00,44,22,907.45
2026-07-23 21:28:17.966385+00:00,44,24,1282.93
2026-07-23 21:28:17.966385+00:00,44,25,503.91
2026-07-23 21:28:17.966385+00:00,44,26,1382.89
2026-07-23 21:28:17.966385+00:00,44,27,825.86
2026-07-23 21:28:17.966385+00:00,44,29,1062.76
2026-07-23 21:28:17.966385+00:00,44,32,1393.57
2026-07-23 21:28:17.966385+00:00,44,33,708.34
2026-07-23 21:28:17.966385+00:00,44,35,1033.97
2026-07-23 21:28:17.966385+00:00,44,36,1234.81
2026-07-23 21:28:17.966385+00:00,44,38,957.51
2026-07-23 21:28:17.966385+00:00,44,41,1641.8
2026-07-23 21:28:17.966385+00:00,44,43,575.61
2026-07-23 21:28:17.966385+00:00,44,44,0.0
2026-07-23 21:28:17.966385+00:00,44,45,990.04
2026-07-23 21:28:17.966385+00:00,44,46,1673.02
2026-07-23 21:28:17.966385+00:00,44,48,2158.83
2026-07-23 21:28:17.966385+00:00,44,49,1531.51
2026-07-23 21:28:17.966385+00:00,44,50,336.41
2026-07-23 21:28:17.966385+00:00,44,54,683.35
2026-07-23 21:28:17.966385+00:00,44,56,532.17
2026-07-23 21:28:17.966385+00:00,44,57,1550.61
2026-07-23 21:28:17.966385+00:00,44,58,606.03
2026-07-23 21:28:17.966385+00:00,44,59,1478.13
2026-07-23 21:28:17.966385+00:00,44,60,1290.07
2026-07-23 21:28:17.966385+00:00,44,61,2148.54
2026-07-23 21:28:17.966385+00:00,44,63,1169.63
2026-07-23 21:28:17.966385+00:00,44,64,668.35
2026-07-23 21:28:17.966385+00:00,44,65,439.56
2026-07-23 21:28:17.966385+00:00,44,66,586.71
2026-07-23 21:28:17.966385+00:00,44,68,1647.71
2026-07-23 21:28:17.966385+00:00,44,69,633.33
2026-07-23 21:28:17.966385+00:00,44,70,636.63
2026-07-23 21:28:17.966385+00:00,44,71,1104.07
2026-07-23 21:28:17.966385+00:00,44,73,1831.44
2026-07-23 21:28:17.966385+00:00,44,74,1011.59
2026-07-23 21:28:17.966385+00:00,44,75,1128.99
2026-07-23 21:28:17.966385+00:00,44,76,999.37
2026-07-23 21:28:17.966385+00:00,44,77,2058.19
2026-07-23 21:28:17.966385+00:00,44,79,1697.9
2026-07-23 21:28:17.966385+00:00,44,80,1616.61
2026-07-23 21:28:17.966385+00:00,44,82,956.66
2026-07-23 21:28:17.966385+00:00,44,83,919.7
2026-07-23 21:28:17.966385+00:00,44,85,600.62
2026-07-23 21:28:17.966385+00:00,44,86,1348.57
2026-07-23 21:28:17.966385+00:00,44,87,1324.61
2026-07-23 21:28:17.966385+00:00,45,2,492.82
2026-07-23 21:28:17.966385+00:00,45,3,764.4
2026-07-23 21:28:17.966385+00:00,45,4,432.09
2026-07-23 21:28:17.966385+00:00,45,5,1050.87
2026-07-23 21:28:17.966385+00:00,45,6,992.42
2026-07-23 21:28:17.966385+00:00,45,7,302.2
2026-07-23 21:28:17.966385+00:00,45,8,292.78
2026-07-23 21:28:17.966385+00:00,45,9,690.13
2026-07-23 21:28:17.966385+00:00,45,12,274.51
2026-07-23 21:28:17.966385+00:00,45,13,579.48
2026-07-23 21:28:17.966385+00:00,45,14,1111.89
2026-07-23 21:28:17.966385+00:00,45,17,746.96
2026-07-23 21:28:17.966385+00:00,45,21,1233.34
2026-07-23 21:28:17.966385+00:00,45,22,335.02
2026-07-23 21:28:17.966385+00:00,45,24,364.29
2026-07-23 21:28:17.966385+00:00,45,25,760.65
2026-07-23 21:28:17.966385+00:00,45,26,555.79
2026-07-23 21:28:17.966385+00:00,45,27,162.4
2026-07-23 21:28:17.966385+00:00,45,29,1065.04
2026-07-23 21:28:17.966385+00:00,45,32,474.93
2026-07-23 21:28:17.966385+00:00,45,33,371.59
2026-07-23 21:28:17.966385+00:00,45,35,427.34
2026-07-23 21:28:17.966385+00:00,45,36,342.07
2026-07-23 21:28:17.966385+00:00,45,38,249.9
2026-07-23 21:28:17.966385+00:00,45,41,1147.28
2026-07-23 21:28:17.966385+00:00,45,43,636.52
2026-07-23 21:28:17.966385+00:00,45,44,1064.84
2026-07-23 21:28:17.966385+00:00,45,45,0.0
2026-07-23 21:28:17.966385+00:00,45,46,754.37
2026-07-23 21:28:17.966385+00:00,45,48,1240.19
2026-07-23 21:28:17.966385+00:00,45,49,1371.39
2026-07-23 21:28:17.966385+00:00,45,50,597.24
2026-07-23 21:28:17.966385+00:00,45,54,734.53
2026-07-23 21:28:17.966385+00:00,45,56,1020.29
2026-07-23 21:28:17.966385+00:00,45,57,631.97
2026-07-23 21:28:17.966385+00:00,45,58,1281.19
2026-07-23 21:28:17.966385+00:00,45,59,559.49
2026-07-23 21:28:17.966385+00:00,45,60,397.33
2026-07-23 21:28:17.966385+00:00,45,61,2633.49
2026-07-23 21:28:17.966385+00:00,45,63,276.88
2026-07-23 21:28:17.966385+00:00,45,64,345.83
2026-07-23 21:28:17.966385+00:00,45,65,835.62
2026-07-23 21:28:17.966385+00:00,45,66,737.99
2026-07-23 21:28:17.966385+00:00,45,68,2362.27
2026-07-23 21:28:17.966385+00:00,45,69,496.48
2026-07-23 21:28:17.966385+00:00,45,70,882.81
2026-07-23 21:28:17.966385+00:00,45,71,211.33
2026-07-23 21:28:17.966385+00:00,45,73,912.79
2026-07-23 21:28:17.966385+00:00,45,74,1022.98
2026-07-23 21:28:17.966385+00:00,45,75,544.75
2026-07-23 21:28:17.966385+00:00,45,76,415.14
2026-07-23 21:28:17.966385+00:00,45,77,2517.96
2026-07-23 21:28:17.966385+00:00,45,79,779.25
2026-07-23 21:28:17.966385+00:00,45,80,1489.55
2026-07-23 21:28:17.966385+00:00,45,82,932.14
2026-07-23 21:28:17.966385+00:00,45,83,131.81
2026-07-23 21:28:17.966385+00:00,45,85,591.18
2026-07-23 21:28:17.966385+00:00,45,86,801.38
2026-07-23 21:28:17.966385+00:00,45,87,1216.69
2026-07-23 21:28:17.966385+00:00,46,2,892.97
2026-07-23 21:28:17.966385+00:00,46,3,239.22
2026-07-23 21:28:17.966385+00:00,46,4,579.17
2026-07-23 21:28:17.966385+00:00,46,5,1630.67
2026-07-23 21:28:17.966385+00:00,46,6,554.28
2026-07-23 21:28:17.966385+00:00,46,7,413.47
2026-07-23 21:28:17.966385+00:00,46,8,542.6
2026-07-23 21:28:17.966385+00:00,46,9,1259.86
2026-07-23 21:28:17.966385+00:00,46,12,844.24
2026-07-23 21:28:17.966385+00:00,46,13,821.27
2026-07-23 21:28:17.966385+00:00,46,14,1691.69
2026-07-23 21:28:17.966385+00:00,46,17,1214.32
2026-07-23 21:28:17.966385+00:00,46,21,1168.61
2026-07-23 21:28:17.966385+00:00,46,22,741.34
2026-07-23 21:28:17.966385+00:00,46,24,325.89
2026-07-23 21:28:17.966385+00:00,46,25,1340.46
2026-07-23 21:28:17.966385+00:00,46,26,626.45
2026-07-23 21:28:17.966385+00:00,46,27,733.31
2026-07-23 21:28:17.966385+00:00,46,29,1532.4
2026-07-23 21:28:17.966385+00:00,46,32,471.62
2026-07-23 21:28:17.966385+00:00,46,33,951.4
2026-07-23 21:28:17.966385+00:00,46,35,776.71
2026-07-23 21:28:17.966385+00:00,46,36,728.52
2026-07-23 21:28:17.966385+00:00,46,38,653.03
2026-07-23 21:28:17.966385+00:00,46,41,1082.55
2026-07-23 21:28:17.966385+00:00,46,43,1110.08
2026-07-23 21:28:17.966385+00:00,46,44,1632.93
2026-07-23 21:28:17.966385+00:00,46,45,672.59
2026-07-23 21:28:17.966385+00:00,46,46,0.0
2026-07-23 21:28:17.966385+00:00,46,48,648.41
2026-07-23 21:28:17.966385+00:00,46,49,1280.65
2026-07-23 21:28:17.966385+00:00,46,50,1166.96
2026-07-23 21:28:17.966385+00:00,46,54,1340.95
2026-07-23 21:28:17.966385+00:00,46,56,1645.88
2026-07-23 21:28:17.966385+00:00,46,57,242.81
2026-07-23 21:28:17.966385+00:00,46,58,1860.99
2026-07-23 21:28:17.966385+00:00,46,59,315.69
2026-07-23 21:28:17.966385+00:00,46,60,705.44
2026-07-23 21:28:17.966385+00:00,46,61,2943.31
2026-07-23 21:28:17.966385+00:00,46,63,664.57
2026-07-23 21:28:17.966385+00:00,46,64,915.56
2026-07-23 21:28:17.966385+00:00,46,65,1415.42
2026-07-23 21:28:17.966385+00:00,46,66,1360.91
2026-07-23 21:28:17.966385+00:00,46,68,2987.86
2026-07-23 21:28:17.966385+00:00,46,69,1075.59
2026-07-23 21:28:17.966385+00:00,46,70,1508.4
2026-07-23 21:28:17.966385+00:00,46,71,539.52
2026-07-23 21:28:17.966385+00:00,46,73,540.24
2026-07-23 21:28:17.966385+00:00,46,74,1490.34
2026-07-23 21:28:17.966385+00:00,46,75,636.75
2026-07-23 21:28:17.966385+00:00,46,76,662.99
2026-07-23 21:28:17.966385+00:00,46,77,3142.11
2026-07-23 21:28:17.966385+00:00,46,79,413.45
2026-07-23 21:28:17.966385+00:00,46,80,1470.48
2026-07-23 21:28:17.966385+00:00,46,82,1399.5
2026-07-23 21:28:17.966385+00:00,46,83,639.49
2026-07-23 21:28:17.966385+00:00,46,85,1172.23
2026-07-23 21:28:17.966385+00:00,46,86,730.89
2026-07-23 21:28:17.966385+00:00,46,87,1217.36
2026-07-23 21:28:17.966385+00:00,48,2,962.16
2026-07-23 21:28:17.966385+00:00,48,3,419.77
2026-07-23 21:28:17.966385+00:00,48,4,600.98
2026-07-23 21:28:17.966385+00:00,48,5,1976.48
2026-07-23 21:28:17.966385+00:00,48,6,326.97
2026-07-23 21:28:17.966385+00:00,48,7,793.92
2026-07-23 21:28:17.966385+00:00,48,8,921.82
2026-07-23 21:28:17.966385+00:00,48,9,1605.67
2026-07-23 21:28:17.966385+00:00,48,12,1190.05
2026-07-23 21:28:17.966385+00:00,48,13,1187.08
2026-07-23 21:28:17.966385+00:00,48,14,2037.5
2026-07-23 21:28:17.966385+00:00,48,17,1560.13
2026-07-23 21:28:17.966385+00:00,48,21,1244.95
2026-07-23 21:28:17.966385+00:00,48,22,1087.15
2026-07-23 21:28:17.966385+00:00,48,24,706.35
2026-07-23 21:28:17.966385+00:00,48,25,1686.27
2026-07-23 21:28:17.966385+00:00,48,26,656.71
2026-07-23 21:28:17.966385+00:00,48,27,1079.12
2026-07-23 21:28:17.966385+00:00,48,29,1878.21
2026-07-23 21:28:17.966385+00:00,48,32,721.53
2026-07-23 21:28:17.966385+00:00,48,33,1297.21
2026-07-23 21:28:17.966385+00:00,48,35,781.06
2026-07-23 21:28:17.966385+00:00,48,36,740.25
2026-07-23 21:28:17.966385+00:00,48,38,998.84
2026-07-23 21:28:17.966385+00:00,48,41,1150.81
2026-07-23 21:28:17.966385+00:00,48,43,1455.89
2026-07-23 21:28:17.966385+00:00,48,44,1978.74
2026-07-23 21:28:17.966385+00:00,48,45,1018.4
2026-07-23 21:28:17.966385+00:00,48,46,548.08
2026-07-23 21:28:17.966385+00:00,48,48,0.0
2026-07-23 21:28:17.966385+00:00,48,49,1480.24
2026-07-23 21:28:17.966385+00:00,48,50,1512.78
2026-07-23 21:28:17.966385+00:00,48,54,1686.76
2026-07-23 21:28:17.966385+00:00,48,56,1991.69
2026-07-23 21:28:17.966385+00:00,48,57,544.09
2026-07-23 21:28:17.966385+00:00,48,58,2206.8
2026-07-23 21:28:17.966385+00:00,48,59,541.41
2026-07-23 21:28:17.966385+00:00,48,60,717.17
2026-07-23 21:28:17.966385+00:00,48,61,3133.72
2026-07-23 21:28:17.966385+00:00,48,63,849.41
2026-07-23 21:28:17.966385+00:00,48,64,1261.37
2026-07-23 21:28:17.966385+00:00,48,65,1761.23
2026-07-23 21:28:17.966385+00:00,48,66,1706.72
2026-07-23 21:28:17.966385+00:00,48,68,3333.67
2026-07-23 21:28:17.966385+00:00,48,69,1421.41
2026-07-23 21:28:17.966385+00:00,48,70,1854.21
2026-07-23 21:28:17.966385+00:00,48,71,885.33
2026-07-23 21:28:17.966385+00:00,48,73,422.49
2026-07-23 21:28:17.966385+00:00,48,74,1836.15
2026-07-23 21:28:17.966385+00:00,48,75,1010.79
2026-07-23 21:28:17.966385+00:00,48,76,1037.03
2026-07-23 21:28:17.966385+00:00,48,77,3487.92
2026-07-23 21:28:17.966385+00:00,48,79,458.45
2026-07-23 21:28:17.966385+00:00,48,80,1651.77
2026-07-23 21:28:17.966385+00:00,48,82,1745.31
2026-07-23 21:28:17.966385+00:00,48,83,985.3
2026-07-23 21:28:17.966385+00:00,48,85,1518.04
2026-07-23 21:28:17.966385+00:00,48,86,930.48
2026-07-23 21:28:17.966385+00:00,48,87,1543.09
2026-07-23 21:28:17.966385+00:00,49,2,1733.13
2026-07-23 21:28:17.966385+00:00,49,3,1303.7
2026-07-23 21:28:17.966385+00:00,49,4,1537.13
2026-07-23 21:28:17.966385+00:00,49,5,1278.31
2026-07-23 21:28:17.966385+00:00,49,6,1192.53
2026-07-23 21:28:17.966385+00:00,49,7,1200.96
2026-07-23 21:28:17.966385+00:00,49,8,1032.2
2026-07-23 21:28:17.966385+00:00,49,9,1198.65
2026-07-23 21:28:17.966385+00:00,49,12,1432.16
2026-07-23 21:28:17.966385+00:00,49,13,723.55
2026-07-23 21:28:17.966385+00:00,49,14,1322.17
2026-07-23 21:28:17.966385+00:00,49,17,731.21
2026-07-23 21:28:17.966385+00:00,49,21,578.21
2026-07-23 21:28:17.966385+00:00,49,22,1581.5
2026-07-23 21:28:17.966385+00:00,49,24,1108.57
2026-07-23 21:28:17.966385+00:00,49,25,1031.96
2026-07-23 21:28:17.966385+00:00,49,26,1796.07
2026-07-23 21:28:17.966385+00:00,49,27,1265.71
2026-07-23 21:28:17.966385+00:00,49,29,691.01
2026-07-23 21:28:17.966385+00:00,49,32,1376.51
2026-07-23 21:28:17.966385+00:00,49,33,1119.31
2026-07-23 21:28:17.966385+00:00,49,35,1670.62
2026-07-23 21:28:17.966385+00:00,49,36,1539.23
2026-07-23 21:28:17.966385+00:00,49,38,1493.19
2026-07-23 21:28:17.966385+00:00,49,41,598.29
2026-07-23 21:28:17.966385+00:00,49,43,1578.77
2026-07-23 21:28:17.966385+00:00,49,44,1437.03
2026-07-23 21:28:17.966385+00:00,49,45,1354.91
2026-07-23 21:28:17.966385+00:00,49,46,1235.24
2026-07-23 21:28:17.966385+00:00,49,48,1320.58
2026-07-23 21:28:17.966385+00:00,49,49,0.0
2026-07-23 21:28:17.966385+00:00,49,50,1333.59
2026-07-23 21:28:17.966385+00:00,49,54,793.09
2026-07-23 21:28:17.966385+00:00,49,56,1041.78
2026-07-23 21:28:17.966385+00:00,49,57,1307.29
2026-07-23 21:28:17.966385+00:00,49,58,1433.96
2026-07-23 21:28:17.966385+00:00,49,59,987.91
2026-07-23 21:28:17.966385+00:00,49,60,1653.32
2026-07-23 21:28:17.966385+00:00,49,61,1968.63
2026-07-23 21:28:17.966385+00:00,49,63,1504.74
2026-07-23 21:28:17.966385+00:00,49,64,1262.0
2026-07-23 21:28:17.966385+00:00,49,65,1088.43
2026-07-23 21:28:17.966385+00:00,49,66,961.33
2026-07-23 21:28:17.966385+00:00,49,68,2383.76
2026-07-23 21:28:17.966385+00:00,49,69,1004.41
2026-07-23 21:28:17.966385+00:00,49,70,904.31
2026-07-23 21:28:17.966385+00:00,49,71,1379.68
2026-07-23 21:28:17.966385+00:00,49,73,1108.06
2026-07-23 21:28:17.966385+00:00,49,74,740.95
2026-07-23 21:28:17.966385+00:00,49,75,816.83
2026-07-23 21:28:17.966385+00:00,49,76,942.28
2026-07-23 21:28:17.966385+00:00,49,77,2419.35
2026-07-23 21:28:17.966385+00:00,49,79,1477.94
2026-07-23 21:28:17.966385+00:00,49,80,412.76
2026-07-23 21:28:17.966385+00:00,49,82,527.61
2026-07-23 21:28:17.966385+00:00,49,83,1171.89
2026-07-23 21:28:17.966385+00:00,49,85,1025.58
2026-07-23 21:28:17.966385+00:00,49,86,581.91
2026-07-23 21:28:17.966385+00:00,49,87,400.89
2026-07-23 21:28:17.966385+00:00,50,2,655.57
2026-07-23 21:28:17.966385+00:00,50,3,1426.44
2026-07-23 21:28:17.966385+00:00,50,4,1094.13
2026-07-23 21:28:17.966385+00:00,50,5,592.14
2026-07-23 21:28:17.966385+00:00,50,6,1654.46
2026-07-23 21:28:17.966385+00:00,50,7,964.24
2026-07-23 21:28:17.966385+00:00,50,8,831.2
2026-07-23 21:28:17.966385+00:00,50,9,308.73
2026-07-23 21:28:17.966385+00:00,50,12,611.15
2026-07-23 21:28:17.966385+00:00,50,13,812.35
2026-07-23 21:28:17.966385+00:00,50,14,796.59
2026-07-23 21:28:17.966385+00:00,50,17,817.7
2026-07-23 21:28:17.966385+00:00,50,21,1469.73
2026-07-23 21:28:17.966385+00:00,50,22,650.84
2026-07-23 21:28:17.966385+00:00,50,24,1026.32
2026-07-23 21:28:17.966385+00:00,50,25,570.84
2026-07-23 21:28:17.966385+00:00,50,26,1126.29
2026-07-23 21:28:17.966385+00:00,50,27,577.52
2026-07-23 21:28:17.966385+00:00,50,29,1098.83
2026-07-23 21:28:17.966385+00:00,50,32,1136.96
2026-07-23 21:28:17.966385+00:00,50,33,476.76
2026-07-23 21:28:17.966385+00:00,50,35,777.36
2026-07-23 21:28:17.966385+00:00,50,36,978.21
2026-07-23 21:28:17.966385+00:00,50,38,700.9
2026-07-23 21:28:17.966385+00:00,50,41,1436.58
2026-07-23 21:28:17.966385+00:00,50,43,319.0
2026-07-23 21:28:17.966385+00:00,50,44,439.94
2026-07-23 21:28:17.966385+00:00,50,45,733.44
2026-07-23 21:28:17.966385+00:00,50,46,1416.41
2026-07-23 21:28:17.966385+00:00,50,48,1902.23
2026-07-23 21:28:17.966385+00:00,50,49,1505.39
2026-07-23 21:28:17.966385+00:00,50,50,0.0
2026-07-23 21:28:17.966385+00:00,50,54,719.42
2026-07-23 21:28:17.966385+00:00,50,56,784.91
2026-07-23 21:28:17.966385+00:00,50,57,1294.01
2026-07-23 21:28:17.966385+00:00,50,58,952.12
2026-07-23 21:28:17.966385+00:00,50,59,1221.53
2026-07-23 21:28:17.966385+00:00,50,60,1033.46
2026-07-23 21:28:17.966385+00:00,50,61,2504.5
2026-07-23 21:28:17.966385+00:00,50,63,913.02
2026-07-23 21:28:17.966385+00:00,50,64,436.77
2026-07-23 21:28:17.966385+00:00,50,65,534.11
2026-07-23 21:28:17.966385+00:00,50,66,546.89
2026-07-23 21:28:17.966385+00:00,50,68,1993.79
2026-07-23 21:28:17.966385+00:00,50,69,428.11
2026-07-23 21:28:17.966385+00:00,50,70,756.73
2026-07-23 21:28:17.966385+00:00,50,71,847.46
2026-07-23 21:28:17.966385+00:00,50,73,1574.83
2026-07-23 21:28:17.966385+00:00,50,74,1041.03
2026-07-23 21:28:17.966385+00:00,50,75,897.41
2026-07-23 21:28:17.966385+00:00,50,76,767.8
2026-07-23 21:28:17.966385+00:00,50,77,2404.27
2026-07-23 21:28:17.966385+00:00,50,79,1441.29
2026-07-23 21:28:17.966385+00:00,50,80,1607.26
2026-07-23 21:28:17.966385+00:00,50,82,1002.88
2026-07-23 21:28:17.966385+00:00,50,83,671.35
2026-07-23 21:28:17.966385+00:00,50,85,411.38
2026-07-23 21:28:17.966385+00:00,50,86,1117.0
2026-07-23 21:28:17.966385+00:00,50,87,1318.62
2026-07-23 21:28:17.966385+00:00,54,2,1133.54
2026-07-23 21:28:17.966385+00:00,54,3,1565.49
2026-07-23 21:28:17.966385+00:00,54,4,1233.18
2026-07-23 21:28:17.966385+00:00,54,5,538.77
2026-07-23 21:28:17.966385+00:00,54,6,1793.51
2026-07-23 21:28:17.966385+00:00,54,7,1103.3
2026-07-23 21:28:17.966385+00:00,54,8,988.59
2026-07-23 21:28:17.966385+00:00,54,9,521.76
2026-07-23 21:28:17.966385+00:00,54,12,832.64
2026-07-23 21:28:17.966385+00:00,54,13,671.7
2026-07-23 21:28:17.966385+00:00,54,14,582.64
2026-07-23 21:28:17.966385+00:00,54,17,388.61
2026-07-23 21:28:17.966385+00:00,54,21,1275.03
2026-07-23 21:28:17.966385+00:00,54,22,975.74
2026-07-23 21:28:17.966385+00:00,54,24,1165.38
2026-07-23 21:28:17.966385+00:00,54,25,325.03
2026-07-23 21:28:17.966385+00:00,54,26,1492.12
2026-07-23 21:28:17.966385+00:00,54,27,691.78
2026-07-23 21:28:17.966385+00:00,54,29,390.56
2026-07-23 21:28:17.966385+00:00,54,32,1276.02
2026-07-23 21:28:17.966385+00:00,54,33,534.43
2026-07-23 21:28:17.966385+00:00,54,35,1068.06
2026-07-23 21:28:17.966385+00:00,54,36,1235.28
2026-07-23 21:28:17.966385+00:00,54,38,890.63
2026-07-23 21:28:17.966385+00:00,54,41,1246.22
2026-07-23 21:28:17.966385+00:00,54,43,902.95
2026-07-23 21:28:17.966385+00:00,54,44,697.49
2026-07-23 21:28:17.966385+00:00,54,45,755.39
2026-07-23 21:28:17.966385+00:00,54,46,1555.47
2026-07-23 21:28:17.966385+00:00,54,48,2041.29
2026-07-23 21:28:17.966385+00:00,54,49,896.59
2026-07-23 21:28:17.966385+00:00,54,50,634.21
2026-07-23 21:28:17.966385+00:00,54,54,0.0
2026-07-23 21:28:17.966385+00:00,54,56,302.24
2026-07-23 21:28:17.966385+00:00,54,57,1433.06
2026-07-23 21:28:17.966385+00:00,54,58,694.42
2026-07-23 21:28:17.966385+00:00,54,59,1360.58
2026-07-23 21:28:17.966385+00:00,54,60,1128.65
2026-07-23 21:28:17.966385+00:00,54,61,1898.1
2026-07-23 21:28:17.966385+00:00,54,63,1008.2
2026-07-23 21:28:17.966385+00:00,54,64,675.96
2026-07-23 21:28:17.966385+00:00,54,65,348.89
2026-07-23 21:28:17.966385+00:00,54,66,283.4
2026-07-23 21:28:17.966385+00:00,54,68,1644.23
2026-07-23 21:28:17.966385+00:00,54,69,419.53
2026-07-23 21:28:17.966385+00:00,54,70,164.77
2026-07-23 21:28:17.966385+00:00,54,71,1075.73
2026-07-23 21:28:17.966385+00:00,54,73,1713.89
2026-07-23 21:28:17.966385+00:00,54,74,332.77
2026-07-23 21:28:17.966385+00:00,54,75,924.2
2026-07-23 21:28:17.966385+00:00,54,76,840.3
2026-07-23 21:28:17.966385+00:00,54,77,1798.47
2026-07-23 21:28:17.966385+00:00,54,79,1580.35
2026-07-23 21:28:17.966385+00:00,54,80,944.41
2026-07-23 21:28:17.966385+00:00,54,82,334.04
2026-07-23 21:28:17.966385+00:00,54,83,867.94
2026-07-23 21:28:17.966385+00:00,54,85,376.0
2026-07-23 21:28:17.966385+00:00,54,86,1122.28
2026-07-23 21:28:17.966385+00:00,54,87,652.41
2026-07-23 21:28:17.966385+00:00,56,2,1216.31
2026-07-23 21:28:17.966385+00:00,56,3,1647.75
2026-07-23 21:28:17.966385+00:00,56,4,1315.44
2026-07-23 21:28:17.966385+00:00,56,5,300.06
2026-07-23 21:28:17.966385+00:00,56,6,1875.77
2026-07-23 21:28:17.966385+00:00,56,7,1185.56
2026-07-23 21:28:17.966385+00:00,56,8,1070.85
2026-07-23 21:28:17.966385+00:00,56,9,440.03
2026-07-23 21:28:17.966385+00:00,56,12,886.68
2026-07-23 21:28:17.966385+00:00,56,13,840.52
2026-07-23 21:28:17.966385+00:00,56,14,343.92
2026-07-23 21:28:17.966385+00:00,56,17,606.32
2026-07-23 21:28:17.966385+00:00,56,21,1470.88
2026-07-23 21:28:17.966385+00:00,56,22,1031.41
2026-07-23 21:28:17.966385+00:00,56,24,1247.64
2026-07-23 21:28:17.966385+00:00,56,25,254.21
2026-07-23 21:28:17.966385+00:00,56,26,1407.82
2026-07-23 21:28:17.966385+00:00,56,27,812.48
2026-07-23 21:28:17.966385+00:00,56,29,683.18
2026-07-23 21:28:17.966385+00:00,56,32,1358.28
2026-07-23 21:28:17.966385+00:00,56,33,617.88
2026-07-23 21:28:17.966385+00:00,56,35,1188.77
2026-07-23 21:28:17.966385+00:00,56,36,1194.1
2026-07-23 21:28:17.966385+00:00,56,38,1011.34
2026-07-23 21:28:17.966385+00:00,56,41,1421.58
2026-07-23 21:28:17.966385+00:00,56,43,879.75
2026-07-23 21:28:17.966385+00:00,56,44,458.77
2026-07-23 21:28:17.966385+00:00,56,45,876.09
2026-07-23 21:28:17.966385+00:00,56,46,1637.73
2026-07-23 21:28:17.966385+00:00,56,48,2123.55
2026-07-23 21:28:17.966385+00:00,56,49,1189.21
2026-07-23 21:28:17.966385+00:00,56,50,592.76
2026-07-23 21:28:17.966385+00:00,56,54,383.4
2026-07-23 21:28:17.966385+00:00,56,56,0.0
2026-07-23 21:28:17.966385+00:00,56,57,1515.32
2026-07-23 21:28:17.966385+00:00,56,58,455.71
2026-07-23 21:28:17.966385+00:00,56,59,1442.84
2026-07-23 21:28:17.966385+00:00,56,60,1249.35
2026-07-23 21:28:17.966385+00:00,56,61,1882.81
2026-07-23 21:28:17.966385+00:00,56,63,1128.91
2026-07-23 21:28:17.966385+00:00,56,64,727.66
2026-07-23 21:28:17.966385+00:00,56,65,242.52
2026-07-23 21:28:17.966385+00:00,56,66,355.42
2026-07-23 21:28:17.966385+00:00,56,68,1560.94
2026-07-23 21:28:17.966385+00:00,56,69,498.05
2026-07-23 21:28:17.966385+00:00,56,70,207.57
2026-07-23 21:28:17.966385+00:00,56,71,1063.35
2026-07-23 21:28:17.966385+00:00,56,73,1796.15
2026-07-23 21:28:17.966385+00:00,56,74,599.32
2026-07-23 21:28:17.966385+00:00,56,75,1052.18
2026-07-23 21:28:17.966385+00:00,56,76,922.56
2026-07-23 21:28:17.966385+00:00,56,77,1802.92
2026-07-23 21:28:17.966385+00:00,56,79,1662.61
2026-07-23 21:28:17.966385+00:00,56,80,1237.03
2026-07-23 21:28:17.966385+00:00,56,82,656.71
2026-07-23 21:28:17.966385+00:00,56,83,900.74
2026-07-23 21:28:17.966385+00:00,56,85,416.72
2026-07-23 21:28:17.966385+00:00,56,86,1229.33
2026-07-23 21:28:17.966385+00:00,56,87,945.03
2026-07-23 21:28:17.966385+00:00,57,2,927.6
2026-07-23 21:28:17.966385+00:00,57,3,119.33
2026-07-23 21:28:17.966385+00:00,57,4,494.73
2026-07-23 21:28:17.966385+00:00,57,5,1671.06
2026-07-23 21:28:17.966385+00:00,57,6,498.57
2026-07-23 21:28:17.966385+00:00,57,7,453.85
2026-07-23 21:28:17.966385+00:00,57,8,582.98
2026-07-23 21:28:17.966385+00:00,57,9,1300.24
2026-07-23 21:28:17.966385+00:00,57,12,884.63
2026-07-23 21:28:17.966385+00:00,57,13,861.66
2026-07-23 21:28:17.966385+00:00,57,14,1732.07
2026-07-23 21:28:17.966385+00:00,57,17,1254.7
2026-07-23 21:28:17.966385+00:00,57,21,1268.98
2026-07-23 21:28:17.966385+00:00,57,22,781.72
2026-07-23 21:28:17.966385+00:00,57,24,366.28
2026-07-23 21:28:17.966385+00:00,57,25,1380.84
2026-07-23 21:28:17.966385+00:00,57,26,542.01
2026-07-23 21:28:17.966385+00:00,57,27,773.7
2026-07-23 21:28:17.966385+00:00,57,29,1572.78
2026-07-23 21:28:17.966385+00:00,57,32,400.3
2026-07-23 21:28:17.966385+00:00,57,33,991.78
2026-07-23 21:28:17.966385+00:00,57,35,692.28
2026-07-23 21:28:17.966385+00:00,57,36,644.09
2026-07-23 21:28:17.966385+00:00,57,38,693.41
2026-07-23 21:28:17.966385+00:00,57,41,1182.92
2026-07-23 21:28:17.966385+00:00,57,43,1150.47
2026-07-23 21:28:17.966385+00:00,57,44,1673.32
2026-07-23 21:28:17.966385+00:00,57,45,712.97
2026-07-23 21:28:17.966385+00:00,57,46,294.8
2026-07-23 21:28:17.966385+00:00,57,48,591.51
2026-07-23 21:28:17.966385+00:00,57,49,1375.55
2026-07-23 21:28:17.966385+00:00,57,50,1207.35
2026-07-23 21:28:17.966385+00:00,57,54,1381.33
2026-07-23 21:28:17.966385+00:00,57,56,1686.26
2026-07-23 21:28:17.966385+00:00,57,57,0.0
2026-07-23 21:28:17.966385+00:00,57,58,1901.38
2026-07-23 21:28:17.966385+00:00,57,59,356.08
2026-07-23 21:28:17.966385+00:00,57,60,621.01
2026-07-23 21:28:17.966385+00:00,57,61,2983.7
2026-07-23 21:28:17.966385+00:00,57,63,753.25
2026-07-23 21:28:17.966385+00:00,57,64,955.94
2026-07-23 21:28:17.966385+00:00,57,65,1455.8
2026-07-23 21:28:17.966385+00:00,57,66,1401.3
2026-07-23 21:28:17.966385+00:00,57,68,3028.25
2026-07-23 21:28:17.966385+00:00,57,69,1115.98
2026-07-23 21:28:17.966385+00:00,57,70,1548.79
2026-07-23 21:28:17.966385+00:00,57,71,579.9
2026-07-23 21:28:17.966385+00:00,57,73,639.86
2026-07-23 21:28:17.966385+00:00,57,74,1530.72
2026-07-23 21:28:17.966385+00:00,57,75,677.13
2026-07-23 21:28:17.966385+00:00,57,76,703.37
2026-07-23 21:28:17.966385+00:00,57,77,3182.49
2026-07-23 21:28:17.966385+00:00,57,79,329.02
2026-07-23 21:28:17.966385+00:00,57,80,1510.86
2026-07-23 21:28:17.966385+00:00,57,82,1439.88
2026-07-23 21:28:17.966385+00:00,57,83,679.88
2026-07-23 21:28:17.966385+00:00,57,85,1212.62
2026-07-23 21:28:17.966385+00:00,57,86,828.7
2026-07-23 21:28:17.966385+00:00,57,87,1257.74
2026-07-23 21:28:17.966385+00:00,58,2,1600.92
2026-07-23 21:28:17.966385+00:00,58,3,2150.29
2026-07-23 21:28:17.966385+00:00,58,4,1817.98
2026-07-23 21:28:17.966385+00:00,58,5,708.08
2026-07-23 21:28:17.966385+00:00,58,6,2378.31
2026-07-23 21:28:17.966385+00:00,58,7,1688.09
2026-07-23 21:28:17.966385+00:00,58,8,1573.38
2026-07-23 21:28:17.966385+00:00,58,9,942.57
2026-07-23 21:28:17.966385+00:00,58,12,1389.21
2026-07-23 21:28:17.966385+00:00,58,13,1343.05
2026-07-23 21:28:17.966385+00:00,58,14,374.06
2026-07-23 21:28:17.966385+00:00,58,17,1108.85
2026-07-23 21:28:17.966385+00:00,58,21,1973.42
2026-07-23 21:28:17.966385+00:00,58,22,1596.19
2026-07-23 21:28:17.966385+00:00,58,24,1750.18
2026-07-23 21:28:17.966385+00:00,58,25,756.74
2026-07-23 21:28:17.966385+00:00,58,26,2071.63
2026-07-23 21:28:17.966385+00:00,58,27,1315.02
2026-07-23 21:28:17.966385+00:00,58,29,1168.03
2026-07-23 21:28:17.966385+00:00,58,32,1860.82
2026-07-23 21:28:17.966385+00:00,58,33,1120.41
2026-07-23 21:28:17.966385+00:00,58,35,1722.71
2026-07-23 21:28:17.966385+00:00,58,36,1696.63
2026-07-23 21:28:17.966385+00:00,58,38,1646.25
2026-07-23 21:28:17.966385+00:00,58,41,1924.11
2026-07-23 21:28:17.966385+00:00,58,43,1264.35
2026-07-23 21:28:17.966385+00:00,58,44,711.48
2026-07-23 21:28:17.966385+00:00,58,45,1378.63
2026-07-23 21:28:17.966385+00:00,58,46,2140.26
2026-07-23 21:28:17.966385+00:00,58,48,2626.08
2026-07-23 21:28:17.966385+00:00,58,49,1691.32
2026-07-23 21:28:17.966385+00:00,58,50,1025.15
2026-07-23 21:28:17.966385+00:00,58,54,927.78
2026-07-23 21:28:17.966385+00:00,58,56,724.58
2026-07-23 21:28:17.966385+00:00,58,57,2017.86
2026-07-23 21:28:17.966385+00:00,58,58,0.0
2026-07-23 21:28:17.966385+00:00,58,59,1945.38
2026-07-23 21:28:17.966385+00:00,58,60,1751.89
2026-07-23 21:28:17.966385+00:00,58,61,1998.56
2026-07-23 21:28:17.966385+00:00,58,63,1631.44
2026-07-23 21:28:17.966385+00:00,58,64,1230.19
2026-07-23 21:28:17.966385+00:00,58,65,745.05
2026-07-23 21:28:17.966385+00:00,58,66,857.95
2026-07-23 21:28:17.966385+00:00,58,68,1235.47
2026-07-23 21:28:17.966385+00:00,58,69,1000.58
2026-07-23 21:28:17.966385+00:00,58,70,751.96
2026-07-23 21:28:17.966385+00:00,58,71,1565.89
2026-07-23 21:28:17.966385+00:00,58,73,2298.68
2026-07-23 21:28:17.966385+00:00,58,74,1089.95
2026-07-23 21:28:17.966385+00:00,58,75,1554.71
2026-07-23 21:28:17.966385+00:00,58,76,1425.09
2026-07-23 21:28:17.966385+00:00,58,77,1664.31
2026-07-23 21:28:17.966385+00:00,58,79,2165.14
2026-07-23 21:28:17.966385+00:00,58,80,1739.13
2026-07-23 21:28:17.966385+00:00,58,82,1201.09
2026-07-23 21:28:17.966385+00:00,58,83,1403.27
2026-07-23 21:28:17.966385+00:00,58,85,919.25
2026-07-23 21:28:17.966385+00:00,58,86,1731.87
2026-07-23 21:28:17.966385+00:00,58,87,1447.14
2026-07-23 21:28:17.966385+00:00,59,2,764.92
2026-07-23 21:28:17.966385+00:00,59,3,366.38
2026-07-23 21:28:17.966385+00:00,59,4,568.92
2026-07-23 21:28:17.966385+00:00,59,5,1472.88
2026-07-23 21:28:17.966385+00:00,59,6,525.3
2026-07-23 21:28:17.966385+00:00,59,7,285.42
2026-07-23 21:28:17.966385+00:00,59,8,383.54
2026-07-23 21:28:17.966385+00:00,59,9,1102.06
2026-07-23 21:28:17.966385+00:00,59,12,686.45
2026-07-23 21:28:17.966385+00:00,59,13,653.48
2026-07-23 21:28:17.966385+00:00,59,14,1533.89
2026-07-23 21:28:17.966385+00:00,59,17,1056.52
2026-07-23 21:28:17.966385+00:00,59,21,921.08
2026-07-23 21:28:17.966385+00:00,59,22,613.28
2026-07-23 21:28:17.966385+00:00,59,24,197.84
2026-07-23 21:28:17.966385+00:00,59,25,1182.66
2026-07-23 21:28:17.966385+00:00,59,26,827.86
2026-07-23 21:28:17.966385+00:00,59,27,575.52
2026-07-23 21:28:17.966385+00:00,59,29,1374.6
2026-07-23 21:28:17.966385+00:00,59,32,448.93
2026-07-23 21:28:17.966385+00:00,59,33,793.6
2026-07-23 21:28:17.966385+00:00,59,35,702.41
2026-07-23 21:28:17.966385+00:00,59,36,571.01
2026-07-23 21:28:17.966385+00:00,59,38,524.98
2026-07-23 21:28:17.966385+00:00,59,41,835.02
2026-07-23 21:28:17.966385+00:00,59,43,982.03
2026-07-23 21:28:17.966385+00:00,59,44,1504.88
2026-07-23 21:28:17.966385+00:00,59,45,525.76
2026-07-23 21:28:17.966385+00:00,59,46,339.78
2026-07-23 21:28:17.966385+00:00,59,48,653.35
2026-07-23 21:28:17.966385+00:00,59,49,1033.12
2026-07-23 21:28:17.966385+00:00,59,50,1009.17
2026-07-23 21:28:17.966385+00:00,59,54,1183.15
2026-07-23 21:28:17.966385+00:00,59,56,1488.08
2026-07-23 21:28:17.966385+00:00,59,57,369.97
2026-07-23 21:28:17.966385+00:00,59,58,1703.2
2026-07-23 21:28:17.966385+00:00,59,59,0.0
2026-07-23 21:28:17.966385+00:00,59,60,685.11
2026-07-23 21:28:17.966385+00:00,59,61,2686.6
2026-07-23 21:28:17.966385+00:00,59,63,536.52
2026-07-23 21:28:17.966385+00:00,59,64,757.76
2026-07-23 21:28:17.966385+00:00,59,65,1257.62
2026-07-23 21:28:17.966385+00:00,59,66,1203.11
2026-07-23 21:28:17.966385+00:00,59,68,2830.06
2026-07-23 21:28:17.966385+00:00,59,69,917.8
2026-07-23 21:28:17.966385+00:00,59,70,1350.61
2026-07-23 21:28:17.966385+00:00,59,71,411.47
2026-07-23 21:28:17.966385+00:00,59,73,440.83
2026-07-23 21:28:17.966385+00:00,59,74,1332.54
2026-07-23 21:28:17.966385+00:00,59,75,472.76
2026-07-23 21:28:17.966385+00:00,59,76,499.0
2026-07-23 21:28:17.966385+00:00,59,77,2984.31
2026-07-23 21:28:17.966385+00:00,59,79,540.62
2026-07-23 21:28:17.966385+00:00,59,80,1204.64
2026-07-23 21:28:17.966385+00:00,59,82,1241.7
2026-07-23 21:28:17.966385+00:00,59,83,481.7
2026-07-23 21:28:17.966385+00:00,59,85,1014.44
2026-07-23 21:28:17.966385+00:00,59,86,483.36
2026-07-23 21:28:17.966385+00:00,59,87,1026.4
2026-07-23 21:28:17.966385+00:00,60,2,526.52
2026-07-23 21:28:17.966385+00:00,60,3,436.04
2026-07-23 21:28:17.966385+00:00,60,4,103.73
2026-07-23 21:28:17.966385+00:00,60,5,1403.7
2026-07-23 21:28:17.966385+00:00,60,6,818.9
2026-07-23 21:28:17.966385+00:00,60,7,369.83
2026-07-23 21:28:17.966385+00:00,60,8,533.17
2026-07-23 21:28:17.966385+00:00,60,9,1032.89
2026-07-23 21:28:17.966385+00:00,60,12,617.27
2026-07-23 21:28:17.966385+00:00,60,13,819.86
2026-07-23 21:28:17.966385+00:00,60,14,1464.72
2026-07-23 21:28:17.966385+00:00,60,17,987.35
2026-07-23 21:28:17.966385+00:00,60,21,1473.72
2026-07-23 21:28:17.966385+00:00,60,22,514.37
2026-07-23 21:28:17.966385+00:00,60,24,442.32
2026-07-23 21:28:17.966385+00:00,60,25,1113.49
2026-07-23 21:28:17.966385+00:00,60,26,362.67
2026-07-23 21:28:17.966385+00:00,60,27,506.34
2026-07-23 21:28:17.966385+00:00,60,29,1305.43
2026-07-23 21:28:17.966385+00:00,60,32,247.93
2026-07-23 21:28:17.966385+00:00,60,33,724.43
2026-07-23 21:28:17.966385+00:00,60,35,291.2
2026-07-23 21:28:17.966385+00:00,60,36,207.18
2026-07-23 21:28:17.966385+00:00,60,38,426.06
2026-07-23 21:28:17.966385+00:00,60,41,1387.66
2026-07-23 21:28:17.966385+00:00,60,43,883.11
2026-07-23 21:28:17.966385+00:00,60,44,1405.96
2026-07-23 21:28:17.966385+00:00,60,45,445.62
2026-07-23 21:28:17.966385+00:00,60,46,688.77
2026-07-23 21:28:17.966385+00:00,60,48,911.84
2026-07-23 21:28:17.966385+00:00,60,49,1611.77
2026-07-23 21:28:17.966385+00:00,60,50,940.0
2026-07-23 21:28:17.966385+00:00,60,54,1113.98
2026-07-23 21:28:17.966385+00:00,60,56,1418.91
2026-07-23 21:28:17.966385+00:00,60,57,512.11
2026-07-23 21:28:17.966385+00:00,60,58,1634.03
2026-07-23 21:28:17.966385+00:00,60,59,637.52
2026-07-23 21:28:17.966385+00:00,60,60,0.0
2026-07-23 21:28:17.966385+00:00,60,61,2873.87
2026-07-23 21:28:17.966385+00:00,60,63,316.35
2026-07-23 21:28:17.966385+00:00,60,64,688.59
2026-07-23 21:28:17.966385+00:00,60,65,1188.45
2026-07-23 21:28:17.966385+00:00,60,66,1133.94
2026-07-23 21:28:17.966385+00:00,60,68,2760.89
2026-07-23 21:28:17.966385+00:00,60,69,848.63
2026-07-23 21:28:17.966385+00:00,60,70,1281.43
2026-07-23 21:28:17.966385+00:00,60,71,312.55
2026-07-23 21:28:17.966385+00:00,60,73,960.19
2026-07-23 21:28:17.966385+00:00,60,74,1263.37
2026-07-23 21:28:17.966385+00:00,60,75,785.14
2026-07-23 21:28:17.966385+00:00,60,76,655.52
2026-07-23 21:28:17.966385+00:00,60,77,2915.14
2026-07-23 21:28:17.966385+00:00,60,79,450.9
2026-07-23 21:28:17.966385+00:00,60,80,1729.94
2026-07-23 21:28:17.966385+00:00,60,82,1172.53
2026-07-23 21:28:17.966385+00:00,60,83,412.52
2026-07-23 21:28:17.966385+00:00,60,85,945.26
2026-07-23 21:28:17.966385+00:00,60,86,1041.77
2026-07-23 21:28:17.966385+00:00,60,87,1457.08
2026-07-23 21:28:17.966385+00:00,61,2,3073.16
2026-07-23 21:28:17.966385+00:00,61,3,3209.47
2026-07-23 21:28:17.966385+00:00,61,4,2877.16
2026-07-23 21:28:17.966385+00:00,61,5,2108.45
2026-07-23 21:28:17.966385+00:00,61,6,3087.85
2026-07-23 21:28:17.966385+00:00,61,7,2747.27
2026-07-23 21:28:17.966385+00:00,61,8,2632.56
2026-07-23 21:28:17.966385+00:00,61,9,2301.77
2026-07-23 21:28:17.966385+00:00,61,12,2772.19
2026-07-23 21:28:17.966385+00:00,61,13,2258.12
2026-07-23 21:28:17.966385+00:00,61,14,1993.51
2026-07-23 21:28:17.966385+00:00,61,17,2032.58
2026-07-23 21:28:17.966385+00:00,61,21,2436.19
2026-07-23 21:28:17.966385+00:00,61,22,2921.53
2026-07-23 21:28:17.966385+00:00,61,24,2809.36
2026-07-23 21:28:17.966385+00:00,61,25,2113.24
2026-07-23 21:28:17.966385+00:00,61,26,3136.1
2026-07-23 21:28:17.966385+00:00,61,27,2605.74
2026-07-23 21:28:17.966385+00:00,61,29,1793.51
2026-07-23 21:28:17.966385+00:00,61,32,2920.0
2026-07-23 21:28:17.966385+00:00,61,33,2459.34
2026-07-23 21:28:17.966385+00:00,61,35,3010.65
2026-07-23 21:28:17.966385+00:00,61,36,2879.26
2026-07-23 21:28:17.966385+00:00,61,38,2833.22
2026-07-23 21:28:17.966385+00:00,61,41,2456.26
2026-07-23 21:28:17.966385+00:00,61,43,2742.88
2026-07-23 21:28:17.966385+00:00,61,44,2267.17
2026-07-23 21:28:17.966385+00:00,61,45,2694.94
2026-07-23 21:28:17.966385+00:00,61,46,2905.31
2026-07-23 21:28:17.966385+00:00,61,48,3215.9
2026-07-23 21:28:17.966385+00:00,61,49,1895.33
2026-07-23 21:28:17.966385+00:00,61,50,2454.5
2026-07-23 21:28:17.966385+00:00,61,54,1968.14
2026-07-23 21:28:17.966385+00:00,61,56,1898.44
2026-07-23 21:28:17.966385+00:00,61,57,3077.04
2026-07-23 21:28:17.966385+00:00,61,58,2062.58
2026-07-23 21:28:17.966385+00:00,61,59,2657.98
2026-07-23 21:28:17.966385+00:00,61,60,2993.35
2026-07-23 21:28:17.966385+00:00,61,61,0.0
2026-07-23 21:28:17.966385+00:00,61,63,2844.77
2026-07-23 21:28:17.966385+00:00,61,64,2602.02
2026-07-23 21:28:17.966385+00:00,61,65,2105.66
2026-07-23 21:28:17.966385+00:00,61,66,2140.07
2026-07-23 21:28:17.966385+00:00,61,68,2120.3
2026-07-23 21:28:17.966385+00:00,61,69,2344.44
2026-07-23 21:28:17.966385+00:00,61,70,1867.13
2026-07-23 21:28:17.966385+00:00,61,71,2719.71
2026-07-23 21:28:17.966385+00:00,61,73,3003.38
2026-07-23 21:28:17.966385+00:00,61,74,1715.44
2026-07-23 21:28:17.966385+00:00,61,75,2487.35
2026-07-23 21:28:17.966385+00:00,61,76,2484.28
2026-07-23 21:28:17.966385+00:00,61,77,1138.42
2026-07-23 21:28:17.966385+00:00,61,79,3224.32
2026-07-23 21:28:17.966385+00:00,61,80,1751.58
2026-07-23 21:28:17.966385+00:00,61,82,1863.89
2026-07-23 21:28:17.966385+00:00,61,83,2511.92
2026-07-23 21:28:17.966385+00:00,61,85,2244.73
2026-07-23 21:28:17.966385+00:00,61,86,2416.47
2026-07-23 21:28:17.966385+00:00,61,87,1776.93
2026-07-23 21:28:17.966385+00:00,63,2,336.18
2026-07-23 21:28:17.966385+00:00,63,3,518.64
2026-07-23 21:28:17.966385+00:00,63,4,186.33
2026-07-23 21:28:17.966385+00:00,63,5,1391.83
2026-07-23 21:28:17.966385+00:00,63,6,901.5
2026-07-23 21:28:17.966385+00:00,63,7,397.99
2026-07-23 21:28:17.966385+00:00,63,8,561.33
2026-07-23 21:28:17.966385+00:00,63,9,931.95
2026-07-23 21:28:17.966385+00:00,63,12,515.23
2026-07-23 21:28:17.966385+00:00,63,13,848.02
2026-07-23 21:28:17.966385+00:00,63,14,1353.86
2026-07-23 21:28:17.966385+00:00,63,17,1015.51
2026-07-23 21:28:17.966385+00:00,63,21,1501.88
2026-07-23 21:28:17.966385+00:00,63,22,415.21
2026-07-23 21:28:17.966385+00:00,63,24,470.48
2026-07-23 21:28:17.966385+00:00,63,25,1002.63
2026-07-23 21:28:17.966385+00:00,63,26,283.97
2026-07-23 21:28:17.966385+00:00,63,27,404.37
2026-07-23 21:28:17.966385+00:00,63,29,1333.59
2026-07-23 21:28:17.966385+00:00,63,32,292.35
2026-07-23 21:28:17.966385+00:00,63,33,613.57
2026-07-23 21:28:17.966385+00:00,63,35,199.37
2026-07-23 21:28:17.966385+00:00,63,36,70.25
2026-07-23 21:28:17.966385+00:00,63,38,326.9
2026-07-23 21:28:17.966385+00:00,63,41,1415.82
2026-07-23 21:28:17.966385+00:00,63,43,716.78
2026-07-23 21:28:17.966385+00:00,63,44,1239.63
2026-07-23 21:28:17.966385+00:00,63,45,346.47
2026-07-23 21:28:17.966385+00:00,63,46,716.93
2026-07-23 21:28:17.966385+00:00,63,48,994.43
2026-07-23 21:28:17.966385+00:00,63,49,1639.93
2026-07-23 21:28:17.966385+00:00,63,50,837.95
2026-07-23 21:28:17.966385+00:00,63,54,1142.14
2026-07-23 21:28:17.966385+00:00,63,56,1447.07
2026-07-23 21:28:17.966385+00:00,63,57,594.71
2026-07-23 21:28:17.966385+00:00,63,58,1523.17
2026-07-23 21:28:17.966385+00:00,63,59,665.68
2026-07-23 21:28:17.966385+00:00,63,60,125.5
2026-07-23 21:28:17.966385+00:00,63,61,2902.03
2026-07-23 21:28:17.966385+00:00,63,63,0.0
2026-07-23 21:28:17.966385+00:00,63,64,587.66
2026-07-23 21:28:17.966385+00:00,63,65,1077.59
2026-07-23 21:28:17.966385+00:00,63,66,993.19
2026-07-23 21:28:17.966385+00:00,63,68,2793.49
2026-07-23 21:28:17.966385+00:00,63,69,738.45
2026-07-23 21:28:17.966385+00:00,63,70,1309.59
2026-07-23 21:28:17.966385+00:00,63,71,269.55
2026-07-23 21:28:17.966385+00:00,63,73,940.93
2026-07-23 21:28:17.966385+00:00,63,74,1291.53
2026-07-23 21:28:17.966385+00:00,63,75,813.3
2026-07-23 21:28:17.966385+00:00,63,76,683.68
2026-07-23 21:28:17.966385+00:00,63,77,2943.3
2026-07-23 21:28:17.966385+00:00,63,79,533.5
2026-07-23 21:28:17.966385+00:00,63,80,1758.1
2026-07-23 21:28:17.966385+00:00,63,82,1200.69
2026-07-23 21:28:17.966385+00:00,63,83,386.39
2026-07-23 21:28:17.966385+00:00,63,85,833.16
2026-07-23 21:28:17.966385+00:00,63,86,1069.93
2026-07-23 21:28:17.966385+00:00,63,87,1485.23
2026-07-23 21:28:17.966385+00:00,64,2,461.55
2026-07-23 21:28:17.966385+00:00,64,3,1015.78
2026-07-23 21:28:17.966385+00:00,64,4,683.47
2026-07-23 21:28:17.966385+00:00,64,5,866.79
2026-07-23 21:28:17.966385+00:00,64,6,1243.8
2026-07-23 21:28:17.966385+00:00,64,7,553.58
2026-07-23 21:28:17.966385+00:00,64,8,438.87
2026-07-23 21:28:17.966385+00:00,64,9,344.3
2026-07-23 21:28:17.966385+00:00,64,12,159.02
2026-07-23 21:28:17.966385+00:00,64,13,590.54
2026-07-23 21:28:17.966385+00:00,64,14,863.28
2026-07-23 21:28:17.966385+00:00,64,17,758.03
2026-07-23 21:28:17.966385+00:00,64,21,1275.78
2026-07-23 21:28:17.966385+00:00,64,22,303.75
2026-07-23 21:28:17.966385+00:00,64,24,615.66
2026-07-23 21:28:17.966385+00:00,64,25,512.04
2026-07-23 21:28:17.966385+00:00,64,26,777.1
2026-07-23 21:28:17.966385+00:00,64,27,181.76
2026-07-23 21:28:17.966385+00:00,64,29,1076.11
2026-07-23 21:28:17.966385+00:00,64,32,726.3
2026-07-23 21:28:17.966385+00:00,64,33,162.2
2026-07-23 21:28:17.966385+00:00,64,35,558.05
2026-07-23 21:28:17.966385+00:00,64,36,563.38
2026-07-23 21:28:17.966385+00:00,64,38,289.81
2026-07-23 21:28:17.966385+00:00,64,41,1189.72
2026-07-23 21:28:17.966385+00:00,64,43,490.22
2026-07-23 21:28:17.966385+00:00,64,44,714.58
2026-07-23 21:28:17.966385+00:00,64,45,245.37
2026-07-23 21:28:17.966385+00:00,64,46,1005.75
2026-07-23 21:28:17.966385+00:00,64,48,1491.57
2026-07-23 21:28:17.966385+00:00,64,49,1382.45
2026-07-23 21:28:17.966385+00:00,64,50,353.18
2026-07-23 21:28:17.966385+00:00,64,54,634.72
2026-07-23 21:28:17.966385+00:00,64,56,797.99
2026-07-23 21:28:17.966385+00:00,64,57,883.34
2026-07-23 21:28:17.966385+00:00,64,58,1032.58
2026-07-23 21:28:17.966385+00:00,64,59,810.87
2026-07-23 21:28:17.966385+00:00,64,60,618.63
2026-07-23 21:28:17.966385+00:00,64,61,2517.78
2026-07-23 21:28:17.966385+00:00,64,63,498.19
2026-07-23 21:28:17.966385+00:00,64,64,0.0
2026-07-23 21:28:17.966385+00:00,64,65,587.01
2026-07-23 21:28:17.966385+00:00,64,66,482.82
2026-07-23 21:28:17.966385+00:00,64,68,2268.44
2026-07-23 21:28:17.966385+00:00,64,69,277.03
2026-07-23 21:28:17.966385+00:00,64,70,717.3
2026-07-23 21:28:17.966385+00:00,64,71,432.63
2026-07-23 21:28:17.966385+00:00,64,73,1164.17
2026-07-23 21:28:17.966385+00:00,64,74,1034.05
2026-07-23 21:28:17.966385+00:00,64,75,555.82
2026-07-23 21:28:17.966385+00:00,64,76,426.2
2026-07-23 21:28:17.966385+00:00,64,77,2418.15
2026-07-23 21:28:17.966385+00:00,64,79,1030.63
2026-07-23 21:28:17.966385+00:00,64,80,1500.62
2026-07-23 21:28:17.966385+00:00,64,82,943.21
2026-07-23 21:28:17.966385+00:00,64,83,275.6
2026-07-23 21:28:17.966385+00:00,64,85,358.53
2026-07-23 21:28:17.966385+00:00,64,86,812.45
2026-07-23 21:28:17.966385+00:00,64,87,1227.76
2026-07-23 21:28:17.966385+00:00,65,2,998.01
2026-07-23 21:28:17.966385+00:00,65,3,1483.77
2026-07-23 21:28:17.966385+00:00,65,4,1151.45
2026-07-23 21:28:17.966385+00:00,65,5,320.3
2026-07-23 21:28:17.966385+00:00,65,6,1711.79
2026-07-23 21:28:17.966385+00:00,65,7,1021.57
2026-07-23 21:28:17.966385+00:00,65,8,906.86
2026-07-23 21:28:17.966385+00:00,65,9,199.19
2026-07-23 21:28:17.966385+00:00,65,12,644.16
2026-07-23 21:28:17.966385+00:00,65,13,691.59
2026-07-23 21:28:17.966385+00:00,65,14,381.31
2026-07-23 21:28:17.966385+00:00,65,17,480.2
2026-07-23 21:28:17.966385+00:00,65,21,1318.91
2026-07-23 21:28:17.966385+00:00,65,22,788.89
2026-07-23 21:28:17.966385+00:00,65,24,1083.65
2026-07-23 21:28:17.966385+00:00,65,25,112.64
2026-07-23 21:28:17.966385+00:00,65,26,1243.83
2026-07-23 21:28:17.966385+00:00,65,27,648.5
2026-07-23 21:28:17.966385+00:00,65,29,671.49
2026-07-23 21:28:17.966385+00:00,65,32,1194.29
2026-07-23 21:28:17.966385+00:00,65,33,444.31
2026-07-23 21:28:17.966385+00:00,65,35,1024.78
2026-07-23 21:28:17.966385+00:00,65,36,1030.11
2026-07-23 21:28:17.966385+00:00,65,38,774.95
2026-07-23 21:28:17.966385+00:00,65,41,1285.76
2026-07-23 21:28:17.966385+00:00,65,43,661.44
2026-07-23 21:28:17.966385+00:00,65,44,423.64
2026-07-23 21:28:17.966385+00:00,65,45,712.1
2026-07-23 21:28:17.966385+00:00,65,46,1473.74
2026-07-23 21:28:17.966385+00:00,65,48,1959.56
2026-07-23 21:28:17.966385+00:00,65,49,1140.24
2026-07-23 21:28:17.966385+00:00,65,50,351.92
2026-07-23 21:28:17.966385+00:00,65,54,292.08
2026-07-23 21:28:17.966385+00:00,65,56,323.79
2026-07-23 21:28:17.966385+00:00,65,57,1351.33
2026-07-23 21:28:17.966385+00:00,65,58,550.62
2026-07-23 21:28:17.966385+00:00,65,59,1278.86
2026-07-23 21:28:17.966385+00:00,65,60,1085.36
2026-07-23 21:28:17.966385+00:00,65,61,2034.82
2026-07-23 21:28:17.966385+00:00,65,63,964.92
2026-07-23 21:28:17.966385+00:00,65,64,485.14
2026-07-23 21:28:17.966385+00:00,65,65,0.0
2026-07-23 21:28:17.966385+00:00,65,66,229.3
2026-07-23 21:28:17.966385+00:00,65,68,1714.88
2026-07-23 21:28:17.966385+00:00,65,69,324.48
2026-07-23 21:28:17.966385+00:00,65,70,249.04
2026-07-23 21:28:17.966385+00:00,65,71,899.36
2026-07-23 21:28:17.966385+00:00,65,73,1632.16
2026-07-23 21:28:17.966385+00:00,65,74,607.39
2026-07-23 21:28:17.966385+00:00,65,75,888.19
2026-07-23 21:28:17.966385+00:00,65,76,758.57
2026-07-23 21:28:17.966385+00:00,65,77,1954.93
2026-07-23 21:28:17.966385+00:00,65,79,1498.62
2026-07-23 21:28:17.966385+00:00,65,80,1225.34
2026-07-23 21:28:17.966385+00:00,65,82,565.4
2026-07-23 21:28:17.966385+00:00,65,83,736.75
2026-07-23 21:28:17.966385+00:00,65,85,243.15
2026-07-23 21:28:17.966385+00:00,65,86,1065.34
2026-07-23 21:28:17.966385+00:00,65,87,933.34
2026-07-23 21:28:17.966385+00:00,66,2,963.56
2026-07-23 21:28:17.966385+00:00,66,3,1357.07
2026-07-23 21:28:17.966385+00:00,66,4,1024.76
2026-07-23 21:28:17.966385+00:00,66,5,496.99
2026-07-23 21:28:17.966385+00:00,66,6,1585.09
2026-07-23 21:28:17.966385+00:00,66,7,894.87
2026-07-23 21:28:17.966385+00:00,66,8,780.16
2026-07-23 21:28:17.966385+00:00,66,9,304.61
2026-07-23 21:28:17.966385+00:00,66,12,662.66
2026-07-23 21:28:17.966385+00:00,66,13,538.7
2026-07-23 21:28:17.966385+00:00,66,14,558.01
2026-07-23 21:28:17.966385+00:00,66,17,366.27
2026-07-23 21:28:17.966385+00:00,66,21,1164.15
2026-07-23 21:28:17.966385+00:00,66,22,805.77
2026-07-23 21:28:17.966385+00:00,66,24,956.96
2026-07-23 21:28:17.966385+00:00,66,25,182.79
2026-07-23 21:28:17.966385+00:00,66,26,1117.14
2026-07-23 21:28:17.966385+00:00,66,27,521.8
2026-07-23 21:28:17.966385+00:00,66,29,647.39
2026-07-23 21:28:17.966385+00:00,66,32,1067.6
2026-07-23 21:28:17.966385+00:00,66,33,364.45
2026-07-23 21:28:17.966385+00:00,66,35,898.08
2026-07-23 21:28:17.966385+00:00,66,36,903.41
2026-07-23 21:28:17.966385+00:00,66,38,720.65
2026-07-23 21:28:17.966385+00:00,66,41,1119.76
2026-07-23 21:28:17.966385+00:00,66,43,695.37
2026-07-23 21:28:17.966385+00:00,66,44,655.71
2026-07-23 21:28:17.966385+00:00,66,45,585.41
2026-07-23 21:28:17.966385+00:00,66,46,1347.04
2026-07-23 21:28:17.966385+00:00,66,48,1832.86
2026-07-23 21:28:17.966385+00:00,66,49,1053.96
2026-07-23 21:28:17.966385+00:00,66,50,414.11
2026-07-23 21:28:17.966385+00:00,66,54,267.98
2026-07-23 21:28:17.966385+00:00,66,56,397.8
2026-07-23 21:28:17.966385+00:00,66,57,1224.64
2026-07-23 21:28:17.966385+00:00,66,58,683.67
2026-07-23 21:28:17.966385+00:00,66,59,1152.16
2026-07-23 21:28:17.966385+00:00,66,60,958.67
2026-07-23 21:28:17.966385+00:00,66,61,2123.08
2026-07-23 21:28:17.966385+00:00,66,63,838.23
2026-07-23 21:28:17.966385+00:00,66,64,505.99
2026-07-23 21:28:17.966385+00:00,66,65,281.74
2026-07-23 21:28:17.966385+00:00,66,66,0.0
2026-07-23 21:28:17.966385+00:00,66,68,1786.89
2026-07-23 21:28:17.966385+00:00,66,69,249.55
2026-07-23 21:28:17.966385+00:00,66,70,309.89
2026-07-23 21:28:17.966385+00:00,66,71,772.67
2026-07-23 21:28:17.966385+00:00,66,73,1505.46
2026-07-23 21:28:17.966385+00:00,66,74,589.6
2026-07-23 21:28:17.966385+00:00,66,75,761.49
2026-07-23 21:28:17.966385+00:00,66,76,631.88
2026-07-23 21:28:17.966385+00:00,66,77,2022.81
2026-07-23 21:28:17.966385+00:00,66,79,1371.92
2026-07-23 21:28:17.966385+00:00,66,80,1155.82
2026-07-23 21:28:17.966385+00:00,66,82,551.45
2026-07-23 21:28:17.966385+00:00,66,83,610.05
2026-07-23 21:28:17.966385+00:00,66,85,178.11
2026-07-23 21:28:17.966385+00:00,66,86,956.85
2026-07-23 21:28:17.966385+00:00,66,87,867.19
2026-07-23 21:28:17.966385+00:00,68,2,2496.75
2026-07-23 21:28:17.966385+00:00,68,3,3078.66
2026-07-23 21:28:17.966385+00:00,68,4,2746.35
2026-07-23 21:28:17.966385+00:00,68,5,1764.9
2026-07-23 21:28:17.966385+00:00,68,6,3306.68
2026-07-23 21:28:17.966385+00:00,68,7,2616.47
2026-07-23 21:28:17.966385+00:00,68,8,2501.76
2026-07-23 21:28:17.966385+00:00,68,9,1933.13
2026-07-23 21:28:17.966385+00:00,68,12,2452.33
2026-07-23 21:28:17.966385+00:00,68,13,2184.87
2026-07-23 21:28:17.966385+00:00,68,14,1613.32
2026-07-23 21:28:17.966385+00:00,68,17,1901.78
2026-07-23 21:28:17.966385+00:00,68,21,2788.2
2026-07-23 21:28:17.966385+00:00,68,22,2492.03
2026-07-23 21:28:17.966385+00:00,68,24,2678.55
2026-07-23 21:28:17.966385+00:00,68,25,1720.24
2026-07-23 21:28:17.966385+00:00,68,26,2967.47
2026-07-23 21:28:17.966385+00:00,68,27,2410.44
2026-07-23 21:28:17.966385+00:00,68,29,1736.48
2026-07-23 21:28:17.966385+00:00,68,32,2789.19
2026-07-23 21:28:17.966385+00:00,68,33,2029.74
2026-07-23 21:28:17.966385+00:00,68,35,2618.55
2026-07-23 21:28:17.966385+00:00,68,36,2819.39
2026-07-23 21:28:17.966385+00:00,68,38,2542.09
2026-07-23 21:28:17.966385+00:00,68,41,2759.39
2026-07-23 21:28:17.966385+00:00,68,43,2160.19
2026-07-23 21:28:17.966385+00:00,68,44,1607.32
2026-07-23 21:28:17.966385+00:00,68,45,2574.62
2026-07-23 21:28:17.966385+00:00,68,46,3068.64
2026-07-23 21:28:17.966385+00:00,68,48,3554.46
2026-07-23 21:28:17.966385+00:00,68,49,2306.41
2026-07-23 21:28:17.966385+00:00,68,50,1920.99
2026-07-23 21:28:17.966385+00:00,68,54,1646.59
2026-07-23 21:28:17.966385+00:00,68,56,1477.46
2026-07-23 21:28:17.966385+00:00,68,57,2946.23
2026-07-23 21:28:17.966385+00:00,68,58,1360.0
2026-07-23 21:28:17.966385+00:00,68,59,2873.75
2026-07-23 21:28:17.966385+00:00,68,60,2874.65
2026-07-23 21:28:17.966385+00:00,68,61,2202.27
2026-07-23 21:28:17.966385+00:00,68,63,2754.21
2026-07-23 21:28:17.966385+00:00,68,64,2252.93
2026-07-23 21:28:17.966385+00:00,68,65,1709.29
2026-07-23 21:28:17.966385+00:00,68,66,1750.61
2026-07-23 21:28:17.966385+00:00,68,68,0.0
2026-07-23 21:28:17.966385+00:00,68,69,1914.84
2026-07-23 21:28:17.966385+00:00,68,70,1470.77
2026-07-23 21:28:17.966385+00:00,68,71,2688.65
2026-07-23 21:28:17.966385+00:00,68,73,3227.06
2026-07-23 21:28:17.966385+00:00,68,74,1658.41
2026-07-23 21:28:17.966385+00:00,68,75,2437.36
2026-07-23 21:28:17.966385+00:00,68,76,2353.47
2026-07-23 21:28:17.966385+00:00,68,77,1086.36
2026-07-23 21:28:17.966385+00:00,68,79,3093.52
2026-07-23 21:28:17.966385+00:00,68,80,2221.38
2026-07-23 21:28:17.966385+00:00,68,82,1876.39
2026-07-23 21:28:17.966385+00:00,68,83,2381.11
2026-07-23 21:28:17.966385+00:00,68,85,1855.27
2026-07-23 21:28:17.966385+00:00,68,86,2635.45
2026-07-23 21:28:17.966385+00:00,68,87,2062.23
2026-07-23 21:28:17.966385+00:00,69,2,734.48
2026-07-23 21:28:17.966385+00:00,69,3,1162.33
2026-07-23 21:28:17.966385+00:00,69,4,830.02
2026-07-23 21:28:17.966385+00:00,69,5,596.1
2026-07-23 21:28:17.966385+00:00,69,6,1390.35
2026-07-23 21:28:17.966385+00:00,69,7,700.13
2026-07-23 21:28:17.966385+00:00,69,8,585.42
2026-07-23 21:28:17.966385+00:00,69,9,311.35
2026-07-23 21:28:17.966385+00:00,69,12,431.96
2026-07-23 21:28:17.966385+00:00,69,13,384.24
2026-07-23 21:28:17.966385+00:00,69,14,657.12
2026-07-23 21:28:17.966385+00:00,69,17,446.6
2026-07-23 21:28:17.966385+00:00,69,21,1041.62
2026-07-23 21:28:17.966385+00:00,69,22,576.69
2026-07-23 21:28:17.966385+00:00,69,24,762.22
2026-07-23 21:28:17.966385+00:00,69,25,288.85
2026-07-23 21:28:17.966385+00:00,69,26,922.4
2026-07-23 21:28:17.966385+00:00,69,27,327.06
2026-07-23 21:28:17.966385+00:00,69,29,764.68
2026-07-23 21:28:17.966385+00:00,69,32,872.85
2026-07-23 21:28:17.966385+00:00,69,33,121.76
2026-07-23 21:28:17.966385+00:00,69,35,703.34
2026-07-23 21:28:17.966385+00:00,69,36,708.67
2026-07-23 21:28:17.966385+00:00,69,38,525.91
2026-07-23 21:28:17.966385+00:00,69,41,1008.48
2026-07-23 21:28:17.966385+00:00,69,43,610.06
2026-07-23 21:28:17.966385+00:00,69,44,699.24
2026-07-23 21:28:17.966385+00:00,69,45,390.67
2026-07-23 21:28:17.966385+00:00,69,46,1152.3
2026-07-23 21:28:17.966385+00:00,69,48,1638.12
2026-07-23 21:28:17.966385+00:00,69,49,1071.03
2026-07-23 21:28:17.966385+00:00,69,50,364.88
2026-07-23 21:28:17.966385+00:00,69,54,357.7
2026-07-23 21:28:17.966385+00:00,69,56,561.87
2026-07-23 21:28:17.966385+00:00,69,57,1029.9
2026-07-23 21:28:17.966385+00:00,69,58,820.3
2026-07-23 21:28:17.966385+00:00,69,59,957.42
2026-07-23 21:28:17.966385+00:00,69,60,763.92
2026-07-23 21:28:17.966385+00:00,69,61,2240.75
2026-07-23 21:28:17.966385+00:00,69,63,643.48
2026-07-23 21:28:17.966385+00:00,69,64,272.94
2026-07-23 21:28:17.966385+00:00,69,65,380.85
2026-07-23 21:28:17.966385+00:00,69,66,246.7
2026-07-23 21:28:17.966385+00:00,69,68,1952.96
2026-07-23 21:28:17.966385+00:00,69,69,0.0
2026-07-23 21:28:17.966385+00:00,69,70,478.94
2026-07-23 21:28:17.966385+00:00,69,71,577.93
2026-07-23 21:28:17.966385+00:00,69,73,1310.72
2026-07-23 21:28:17.966385+00:00,69,74,722.62
2026-07-23 21:28:17.966385+00:00,69,75,566.75
2026-07-23 21:28:17.966385+00:00,69,76,437.13
2026-07-23 21:28:17.966385+00:00,69,77,2141.13
2026-07-23 21:28:17.966385+00:00,69,79,1177.18
2026-07-23 21:28:17.966385+00:00,69,80,1189.19
2026-07-23 21:28:17.966385+00:00,69,82,631.78
2026-07-23 21:28:17.966385+00:00,69,83,415.31
2026-07-23 21:28:17.966385+00:00,69,85,96.64
2026-07-23 21:28:17.966385+00:00,69,86,743.91
2026-07-23 21:28:17.966385+00:00,69,87,916.33
2026-07-23 21:28:17.966385+00:00,70,2,1212.41
2026-07-23 21:28:17.966385+00:00,70,3,1691.88
2026-07-23 21:28:17.966385+00:00,70,4,1359.57
2026-07-23 21:28:17.966385+00:00,70,5,428.5
2026-07-23 21:28:17.966385+00:00,70,6,1919.9
2026-07-23 21:28:17.966385+00:00,70,7,1229.68
2026-07-23 21:28:17.966385+00:00,70,8,1114.97
2026-07-23 21:28:17.966385+00:00,70,9,436.14
2026-07-23 21:28:17.966385+00:00,70,12,882.78
2026-07-23 21:28:17.966385+00:00,70,13,798.08
2026-07-23 21:28:17.966385+00:00,70,14,472.37
2026-07-23 21:28:17.966385+00:00,70,17,514.99
2026-07-23 21:28:17.966385+00:00,70,21,1401.41
2026-07-23 21:28:17.966385+00:00,70,22,1027.51
2026-07-23 21:28:17.966385+00:00,70,24,1291.77
2026-07-23 21:28:17.966385+00:00,70,25,249.57
2026-07-23 21:28:17.966385+00:00,70,26,1403.19
2026-07-23 21:28:17.966385+00:00,70,27,807.85
2026-07-23 21:28:17.966385+00:00,70,29,572.31
2026-07-23 21:28:17.966385+00:00,70,32,1402.41
2026-07-23 21:28:17.966385+00:00,70,33,613.24
2026-07-23 21:28:17.966385+00:00,70,35,1184.13
2026-07-23 21:28:17.966385+00:00,70,36,1189.46
2026-07-23 21:28:17.966385+00:00,70,38,1006.7
2026-07-23 21:28:17.966385+00:00,70,41,1372.61
2026-07-23 21:28:17.966385+00:00,70,43,875.85
2026-07-23 21:28:17.966385+00:00,70,44,587.22
2026-07-23 21:28:17.966385+00:00,70,45,871.46
2026-07-23 21:28:17.966385+00:00,70,46,1681.85
2026-07-23 21:28:17.966385+00:00,70,48,2167.67
2026-07-23 21:28:17.966385+00:00,70,49,1078.34
2026-07-23 21:28:17.966385+00:00,70,50,588.86
2026-07-23 21:28:17.966385+00:00,70,54,259.8
2026-07-23 21:28:17.966385+00:00,70,56,152.2
2026-07-23 21:28:17.966385+00:00,70,57,1559.45
2026-07-23 21:28:17.966385+00:00,70,58,584.15
2026-07-23 21:28:17.966385+00:00,70,59,1486.97
2026-07-23 21:28:17.966385+00:00,70,60,1244.71
2026-07-23 21:28:17.966385+00:00,70,61,1837.38
2026-07-23 21:28:17.966385+00:00,70,63,1124.27
2026-07-23 21:28:17.966385+00:00,70,64,723.76
2026-07-23 21:28:17.966385+00:00,70,65,238.62
2026-07-23 21:28:17.966385+00:00,70,66,350.78
2026-07-23 21:28:17.966385+00:00,70,68,1521.57
2026-07-23 21:28:17.966385+00:00,70,69,493.41
2026-07-23 21:28:17.966385+00:00,70,70,0.0
2026-07-23 21:28:17.966385+00:00,70,71,1058.72
2026-07-23 21:28:17.966385+00:00,70,73,1840.27
2026-07-23 21:28:17.966385+00:00,70,74,488.46
2026-07-23 21:28:17.966385+00:00,70,75,1050.58
2026-07-23 21:28:17.966385+00:00,70,76,966.68
2026-07-23 21:28:17.966385+00:00,70,77,1757.49
2026-07-23 21:28:17.966385+00:00,70,79,1706.73
2026-07-23 21:28:17.966385+00:00,70,80,1126.16
2026-07-23 21:28:17.966385+00:00,70,82,533.11
2026-07-23 21:28:17.966385+00:00,70,83,994.33
2026-07-23 21:28:17.966385+00:00,70,85,412.08
2026-07-23 21:28:17.966385+00:00,70,86,1248.66
2026-07-23 21:28:17.966385+00:00,70,87,834.16
2026-07-23 21:28:17.966385+00:00,71,2,476.89
2026-07-23 21:28:17.966385+00:00,71,3,702.9
2026-07-23 21:28:17.966385+00:00,71,4,370.59
2026-07-23 21:28:17.966385+00:00,71,5,1091.53
2026-07-23 21:28:17.966385+00:00,71,6,930.92
2026-07-23 21:28:17.966385+00:00,71,7,240.7
2026-07-23 21:28:17.966385+00:00,71,8,283.2
2026-07-23 21:28:17.966385+00:00,71,9,731.3
2026-07-23 21:28:17.966385+00:00,71,12,315.69
2026-07-23 21:28:17.966385+00:00,71,13,569.89
2026-07-23 21:28:17.966385+00:00,71,14,1152.54
2026-07-23 21:28:17.966385+00:00,71,17,737.38
2026-07-23 21:28:17.966385+00:00,71,21,1223.75
2026-07-23 21:28:17.966385+00:00,71,22,319.1
2026-07-23 21:28:17.966385+00:00,71,24,302.79
2026-07-23 21:28:17.966385+00:00,71,25,801.31
2026-07-23 21:28:17.966385+00:00,71,26,539.87
2026-07-23 21:28:17.966385+00:00,71,27,203.58
2026-07-23 21:28:17.966385+00:00,71,29,1055.45
2026-07-23 21:28:17.966385+00:00,71,32,413.42
2026-07-23 21:28:17.966385+00:00,71,33,412.25
2026-07-23 21:28:17.966385+00:00,71,35,411.42
2026-07-23 21:28:17.966385+00:00,71,36,326.15
2026-07-23 21:28:17.966385+00:00,71,38,233.98
2026-07-23 21:28:17.966385+00:00,71,41,1137.69
2026-07-23 21:28:17.966385+00:00,71,43,620.6
2026-07-23 21:28:17.966385+00:00,71,44,1143.45
2026-07-23 21:28:17.966385+00:00,71,45,155.21
2026-07-23 21:28:17.966385+00:00,71,46,692.87
2026-07-23 21:28:17.966385+00:00,71,48,1178.69
2026-07-23 21:28:17.966385+00:00,71,49,1361.8
2026-07-23 21:28:17.966385+00:00,71,50,638.41
2026-07-23 21:28:17.966385+00:00,71,54,864.01
2026-07-23 21:28:17.966385+00:00,71,56,1168.94
2026-07-23 21:28:17.966385+00:00,71,57,570.47
2026-07-23 21:28:17.966385+00:00,71,58,1321.85
2026-07-23 21:28:17.966385+00:00,71,59,497.99
2026-07-23 21:28:17.966385+00:00,71,60,381.4
2026-07-23 21:28:17.966385+00:00,71,61,2623.9
2026-07-23 21:28:17.966385+00:00,71,63,260.96
2026-07-23 21:28:17.966385+00:00,71,64,387.01
2026-07-23 21:28:17.966385+00:00,71,65,876.27
2026-07-23 21:28:17.966385+00:00,71,66,883.97
2026-07-23 21:28:17.966385+00:00,71,68,2510.92
2026-07-23 21:28:17.966385+00:00,71,69,537.13
2026-07-23 21:28:17.966385+00:00,71,70,1031.46
2026-07-23 21:28:17.966385+00:00,71,71,0.0
2026-07-23 21:28:17.966385+00:00,71,73,851.29
2026-07-23 21:28:17.966385+00:00,71,74,1013.4
2026-07-23 21:28:17.966385+00:00,71,75,535.16
2026-07-23 21:28:17.966385+00:00,71,76,405.55
2026-07-23 21:28:17.966385+00:00,71,77,2665.17
2026-07-23 21:28:17.966385+00:00,71,79,717.75
2026-07-23 21:28:17.966385+00:00,71,80,1479.96
2026-07-23 21:28:17.966385+00:00,71,82,922.56
2026-07-23 21:28:17.966385+00:00,71,83,122.71
2026-07-23 21:28:17.966385+00:00,71,85,631.84
2026-07-23 21:28:17.966385+00:00,71,86,791.79
2026-07-23 21:28:17.966385+00:00,71,87,1207.1
2026-07-23 21:28:17.966385+00:00,73,2,1158.14
2026-07-23 21:28:17.966385+00:00,73,3,552.24
2026-07-23 21:28:17.966385+00:00,73,4,810.86
2026-07-23 21:28:17.966385+00:00,73,5,1897.02
2026-07-23 21:28:17.966385+00:00,73,6,132.74
2026-07-23 21:28:17.966385+00:00,73,7,678.64
2026-07-23 21:28:17.966385+00:00,73,8,806.54
2026-07-23 21:28:17.966385+00:00,73,9,1526.2
2026-07-23 21:28:17.966385+00:00,73,12,1110.59
2026-07-23 21:28:17.966385+00:00,73,13,1071.8
2026-07-23 21:28:17.966385+00:00,73,14,1958.04
2026-07-23 21:28:17.966385+00:00,73,17,1480.67
2026-07-23 21:28:17.966385+00:00,73,21,889.26
2026-07-23 21:28:17.966385+00:00,73,22,1006.51
2026-07-23 21:28:17.966385+00:00,73,24,591.07
2026-07-23 21:28:17.966385+00:00,73,25,1606.8
2026-07-23 21:28:17.966385+00:00,73,26,855.48
2026-07-23 21:28:17.966385+00:00,73,27,999.66
2026-07-23 21:28:17.966385+00:00,73,29,1798.74
2026-07-23 21:28:17.966385+00:00,73,32,740.19
2026-07-23 21:28:17.966385+00:00,73,33,1217.74
2026-07-23 21:28:17.966385+00:00,73,35,1095.63
2026-07-23 21:28:17.966385+00:00,73,36,954.36
2026-07-23 21:28:17.966385+00:00,73,38,918.2
2026-07-23 21:28:17.966385+00:00,73,41,893.51
2026-07-23 21:28:17.966385+00:00,73,43,1375.26
2026-07-23 21:28:17.966385+00:00,73,44,1898.11
2026-07-23 21:28:17.966385+00:00,73,45,949.9
2026-07-23 21:28:17.966385+00:00,73,46,520.31
2026-07-23 21:28:17.966385+00:00,73,48,384.64
2026-07-23 21:28:17.966385+00:00,73,49,1364.96
2026-07-23 21:28:17.966385+00:00,73,50,1433.31
2026-07-23 21:28:17.966385+00:00,73,54,1607.3
2026-07-23 21:28:17.966385+00:00,73,56,1912.23
2026-07-23 21:28:17.966385+00:00,73,57,661.23
2026-07-23 21:28:17.966385+00:00,73,58,2127.34
2026-07-23 21:28:17.966385+00:00,73,59,426.13
2026-07-23 21:28:17.966385+00:00,73,60,937.14
2026-07-23 21:28:17.966385+00:00,73,61,3018.45
2026-07-23 21:28:17.966385+00:00,73,63,929.75
2026-07-23 21:28:17.966385+00:00,73,64,1181.91
2026-07-23 21:28:17.966385+00:00,73,65,1681.77
2026-07-23 21:28:17.966385+00:00,73,66,1627.26
2026-07-23 21:28:17.966385+00:00,73,68,3254.21
2026-07-23 21:28:17.966385+00:00,73,69,1341.94
2026-07-23 21:28:17.966385+00:00,73,70,1774.75
2026-07-23 21:28:17.966385+00:00,73,71,804.69
2026-07-23 21:28:17.966385+00:00,73,73,0.0
2026-07-23 21:28:17.966385+00:00,73,74,1756.69
2026-07-23 21:28:17.966385+00:00,73,75,895.52
2026-07-23 21:28:17.966385+00:00,73,76,921.76
2026-07-23 21:28:17.966385+00:00,73,77,3408.46
2026-07-23 21:28:17.966385+00:00,73,79,642.48
2026-07-23 21:28:17.966385+00:00,73,80,1536.49
2026-07-23 21:28:17.966385+00:00,73,82,1665.85
2026-07-23 21:28:17.966385+00:00,73,83,905.84
2026-07-23 21:28:17.966385+00:00,73,85,1438.58
2026-07-23 21:28:17.966385+00:00,73,86,815.21
2026-07-23 21:28:17.966385+00:00,73,87,1427.82
2026-07-23 21:28:17.966385+00:00,74,2,1557.61
2026-07-23 21:28:17.966385+00:00,74,3,1693.92
2026-07-23 21:28:17.966385+00:00,74,4,1361.61
2026-07-23 21:28:17.966385+00:00,74,5,853.7
2026-07-23 21:28:17.966385+00:00,74,6,1921.94
2026-07-23 21:28:17.966385+00:00,74,7,1231.72
2026-07-23 21:28:17.966385+00:00,74,8,983.85
2026-07-23 21:28:17.966385+00:00,74,9,836.68
2026-07-23 21:28:17.966385+00:00,74,12,1256.64
2026-07-23 21:28:17.966385+00:00,74,13,645.27
2026-07-23 21:28:17.966385+00:00,74,14,889.89
2026-07-23 21:28:17.966385+00:00,74,17,459.36
2026-07-23 21:28:17.966385+00:00,74,21,1233.03
2026-07-23 21:28:17.966385+00:00,74,22,1405.97
2026-07-23 21:28:17.966385+00:00,74,24,1293.81
2026-07-23 21:28:17.966385+00:00,74,25,648.15
2026-07-23 21:28:17.966385+00:00,74,26,1620.55
2026-07-23 21:28:17.966385+00:00,74,27,1090.19
2026-07-23 21:28:17.966385+00:00,74,29,113.19
2026-07-23 21:28:17.966385+00:00,74,32,1404.45
2026-07-23 21:28:17.966385+00:00,74,33,943.79
2026-07-23 21:28:17.966385+00:00,74,35,1495.1
2026-07-23 21:28:17.966385+00:00,74,36,1363.7
2026-07-23 21:28:17.966385+00:00,74,38,1317.67
2026-07-23 21:28:17.966385+00:00,74,41,1253.1
2026-07-23 21:28:17.966385+00:00,74,43,1298.93
2026-07-23 21:28:17.966385+00:00,74,44,1012.41
2026-07-23 21:28:17.966385+00:00,74,45,1179.39
2026-07-23 21:28:17.966385+00:00,74,46,1683.89
2026-07-23 21:28:17.966385+00:00,74,48,2169.71
2026-07-23 21:28:17.966385+00:00,74,49,683.12
2026-07-23 21:28:17.966385+00:00,74,50,989.41
2026-07-23 21:28:17.966385+00:00,74,54,476.6
2026-07-23 21:28:17.966385+00:00,74,56,591.03
2026-07-23 21:28:17.966385+00:00,74,57,1561.49
2026-07-23 21:28:17.966385+00:00,74,58,961.37
2026-07-23 21:28:17.966385+00:00,74,59,1489.01
2026-07-23 21:28:17.966385+00:00,74,60,1477.8
2026-07-23 21:28:17.966385+00:00,74,61,1613.89
2026-07-23 21:28:17.966385+00:00,74,63,1329.21
2026-07-23 21:28:17.966385+00:00,74,64,1086.47
2026-07-23 21:28:17.966385+00:00,74,65,663.81
2026-07-23 21:28:17.966385+00:00,74,66,710.88
2026-07-23 21:28:17.966385+00:00,74,68,1751.17
2026-07-23 21:28:17.966385+00:00,74,69,828.89
2026-07-23 21:28:17.966385+00:00,74,70,438.92
2026-07-23 21:28:17.966385+00:00,74,71,1204.16
2026-07-23 21:28:17.966385+00:00,74,73,1842.31
2026-07-23 21:28:17.966385+00:00,74,74,0.0
2026-07-23 21:28:17.966385+00:00,74,75,915.97
2026-07-23 21:28:17.966385+00:00,74,76,837.43
2026-07-23 21:28:17.966385+00:00,74,77,1776.31
2026-07-23 21:28:17.966385+00:00,74,79,1708.77
2026-07-23 21:28:17.966385+00:00,74,80,730.94
2026-07-23 21:28:17.966385+00:00,74,82,224.79
2026-07-23 21:28:17.966385+00:00,74,83,996.37
2026-07-23 21:28:17.966385+00:00,74,85,809.44
2026-07-23 21:28:17.966385+00:00,74,86,1114.06
2026-07-23 21:28:17.966385+00:00,74,87,438.94
2026-07-23 21:28:17.966385+00:00,75,2,936.9
2026-07-23 21:28:17.966385+00:00,75,3,660.23
2026-07-23 21:28:17.966385+00:00,75,4,740.9
2026-07-23 21:28:17.966385+00:00,75,5,1023.88
2026-07-23 21:28:17.966385+00:00,75,6,968.41
2026-07-23 21:28:17.966385+00:00,75,7,438.26
2026-07-23 21:28:17.966385+00:00,75,8,269.5
2026-07-23 21:28:17.966385+00:00,75,9,730.8
2026-07-23 21:28:17.966385+00:00,75,12,635.93
2026-07-23 21:28:17.966385+00:00,75,13,234.03
2026-07-23 21:28:17.966385+00:00,75,14,1084.89
2026-07-23 21:28:17.966385+00:00,75,17,580.92
2026-07-23 21:28:17.966385+00:00,75,21,832.66
2026-07-23 21:28:17.966385+00:00,75,22,785.27
2026-07-23 21:28:17.966385+00:00,75,24,345.87
2026-07-23 21:28:17.966385+00:00,75,25,731.05
2026-07-23 21:28:17.966385+00:00,75,26,999.84
2026-07-23 21:28:17.966385+00:00,75,27,469.48
2026-07-23 21:28:17.966385+00:00,75,29,766.59
2026-07-23 21:28:17.966385+00:00,75,32,613.81
2026-07-23 21:28:17.966385+00:00,75,33,363.77
2026-07-23 21:28:17.966385+00:00,75,35,874.39
2026-07-23 21:28:17.966385+00:00,75,36,743.0
2026-07-23 21:28:17.966385+00:00,75,38,696.96
2026-07-23 21:28:17.966385+00:00,75,41,746.6
2026-07-23 21:28:17.966385+00:00,75,43,892.01
2026-07-23 21:28:17.966385+00:00,75,44,1116.37
2026-07-23 21:28:17.966385+00:00,75,45,558.68
2026-07-23 21:28:17.966385+00:00,75,46,730.36
2026-07-23 21:28:17.966385+00:00,75,48,1079.57
2026-07-23 21:28:17.966385+00:00,75,49,871.03
2026-07-23 21:28:17.966385+00:00,75,50,754.97
2026-07-23 21:28:17.966385+00:00,75,54,707.55
2026-07-23 21:28:17.966385+00:00,75,56,1012.48
2026-07-23 21:28:17.966385+00:00,75,57,663.82
2026-07-23 21:28:17.966385+00:00,75,58,1254.2
2026-07-23 21:28:17.966385+00:00,75,59,533.35
2026-07-23 21:28:17.966385+00:00,75,60,857.09
2026-07-23 21:28:17.966385+00:00,75,61,2363.13
2026-07-23 21:28:17.966385+00:00,75,63,708.51
2026-07-23 21:28:17.966385+00:00,75,64,524.28
2026-07-23 21:28:17.966385+00:00,75,65,808.62
2026-07-23 21:28:17.966385+00:00,75,66,727.52
2026-07-23 21:28:17.966385+00:00,75,68,2354.47
2026-07-23 21:28:17.966385+00:00,75,69,442.2
2026-07-23 21:28:17.966385+00:00,75,70,875.01
2026-07-23 21:28:17.966385+00:00,75,71,583.45
2026-07-23 21:28:17.966385+00:00,75,73,888.68
2026-07-23 21:28:17.966385+00:00,75,74,856.94
2026-07-23 21:28:17.966385+00:00,75,75,0.0
2026-07-23 21:28:17.966385+00:00,75,76,179.58
2026-07-23 21:28:17.966385+00:00,75,77,2508.71
2026-07-23 21:28:17.966385+00:00,75,79,899.43
2026-07-23 21:28:17.966385+00:00,75,80,989.2
2026-07-23 21:28:17.966385+00:00,75,82,630.89
2026-07-23 21:28:17.966385+00:00,75,83,375.66
2026-07-23 21:28:17.966385+00:00,75,85,538.84
2026-07-23 21:28:17.966385+00:00,75,86,349.64
2026-07-23 21:28:17.966385+00:00,75,87,724.05
2026-07-23 21:28:17.966385+00:00,76,2,755.61
2026-07-23 21:28:17.966385+00:00,76,3,891.92
2026-07-23 21:28:17.966385+00:00,76,4,559.61
2026-07-23 21:28:17.966385+00:00,76,5,969.19
2026-07-23 21:28:17.966385+00:00,76,6,1047.5
2026-07-23 21:28:17.966385+00:00,76,7,363.36
2026-07-23 21:28:17.966385+00:00,76,8,248.98
2026-07-23 21:28:17.966385+00:00,76,9,628.26
2026-07-23 21:28:17.966385+00:00,76,12,454.64
2026-07-23 21:28:17.966385+00:00,76,13,266.13
2026-07-23 21:28:17.966385+00:00,76,14,1030.21
2026-07-23 21:28:17.966385+00:00,76,17,552.84
2026-07-23 21:28:17.966385+00:00,76,21,986.26
2026-07-23 21:28:17.966385+00:00,76,22,603.98
2026-07-23 21:28:17.966385+00:00,76,24,424.26
2026-07-23 21:28:17.966385+00:00,76,25,678.98
2026-07-23 21:28:17.966385+00:00,76,26,818.55
2026-07-23 21:28:17.966385+00:00,76,27,288.19
2026-07-23 21:28:17.966385+00:00,76,29,741.65
2026-07-23 21:28:17.966385+00:00,76,32,602.45
2026-07-23 21:28:17.966385+00:00,76,33,289.92
2026-07-23 21:28:17.966385+00:00,76,35,693.1
2026-07-23 21:28:17.966385+00:00,76,36,561.71
2026-07-23 21:28:17.966385+00:00,76,38,515.67
2026-07-23 21:28:17.966385+00:00,76,41,900.2
2026-07-23 21:28:17.966385+00:00,76,43,843.92
2026-07-23 21:28:17.966385+00:00,76,44,998.55
2026-07-23 21:28:17.966385+00:00,76,45,377.39
2026-07-23 21:28:17.966385+00:00,76,46,809.46
2026-07-23 21:28:17.966385+00:00,76,48,1367.71
2026-07-23 21:28:17.966385+00:00,76,49,1035.07
2026-07-23 21:28:17.966385+00:00,76,50,637.15
2026-07-23 21:28:17.966385+00:00,76,54,679.47
2026-07-23 21:28:17.966385+00:00,76,56,984.4
2026-07-23 21:28:17.966385+00:00,76,57,692.23
2026-07-23 21:28:17.966385+00:00,76,58,1199.51
2026-07-23 21:28:17.966385+00:00,76,59,612.44
2026-07-23 21:28:17.966385+00:00,76,60,675.8
2026-07-23 21:28:17.966385+00:00,76,61,2338.19
2026-07-23 21:28:17.966385+00:00,76,63,527.22
2026-07-23 21:28:17.966385+00:00,76,64,342.99
2026-07-23 21:28:17.966385+00:00,76,65,753.94
2026-07-23 21:28:17.966385+00:00,76,66,699.43
2026-07-23 21:28:17.966385+00:00,76,68,2326.38
2026-07-23 21:28:17.966385+00:00,76,69,414.11
2026-07-23 21:28:17.966385+00:00,76,70,846.92
2026-07-23 21:28:17.966385+00:00,76,71,402.16
2026-07-23 21:28:17.966385+00:00,76,73,967.77
2026-07-23 21:28:17.966385+00:00,76,74,828.86
2026-07-23 21:28:17.966385+00:00,76,75,232.18
2026-07-23 21:28:17.966385+00:00,76,76,0.0
2026-07-23 21:28:17.966385+00:00,76,77,2480.63
2026-07-23 21:28:17.966385+00:00,76,79,906.77
2026-07-23 21:28:17.966385+00:00,76,80,1165.9
2026-07-23 21:28:17.966385+00:00,76,82,605.95
2026-07-23 21:28:17.966385+00:00,76,83,194.37
2026-07-23 21:28:17.966385+00:00,76,85,510.75
2026-07-23 21:28:17.966385+00:00,76,86,488.81
2026-07-23 21:28:17.966385+00:00,76,87,905.89
2026-07-23 21:28:17.966385+00:00,77,2,2950.29
2026-07-23 21:28:17.966385+00:00,77,3,3250.97
2026-07-23 21:28:17.966385+00:00,77,4,2918.66
2026-07-23 21:28:17.966385+00:00,77,5,1995.16
2026-07-23 21:28:17.966385+00:00,77,6,3478.99
2026-07-23 21:28:17.966385+00:00,77,7,2788.78
2026-07-23 21:28:17.966385+00:00,77,8,2674.07
2026-07-23 21:28:17.966385+00:00,77,9,2386.67
2026-07-23 21:28:17.966385+00:00,77,12,2905.87
2026-07-23 21:28:17.966385+00:00,77,13,2357.18
2026-07-23 21:28:17.966385+00:00,77,14,1800.72
2026-07-23 21:28:17.966385+00:00,77,17,2074.09
2026-07-23 21:28:17.966385+00:00,77,21,2886.01
2026-07-23 21:28:17.966385+00:00,77,22,2945.57
2026-07-23 21:28:17.966385+00:00,77,24,2850.86
2026-07-23 21:28:17.966385+00:00,77,25,2027.93
2026-07-23 21:28:17.966385+00:00,77,26,3177.6
2026-07-23 21:28:17.966385+00:00,77,27,2494.77
2026-07-23 21:28:17.966385+00:00,77,29,1853.39
2026-07-23 21:28:17.966385+00:00,77,32,2961.5
2026-07-23 21:28:17.966385+00:00,77,33,2337.43
2026-07-23 21:28:17.966385+00:00,77,35,2871.05
2026-07-23 21:28:17.966385+00:00,77,36,2920.76
2026-07-23 21:28:17.966385+00:00,77,38,2693.62
2026-07-23 21:28:17.966385+00:00,77,41,2931.7
2026-07-23 21:28:17.966385+00:00,77,43,2613.73
2026-07-23 21:28:17.966385+00:00,77,44,2060.86
2026-07-23 21:28:17.966385+00:00,77,45,2558.38
2026-07-23 21:28:17.966385+00:00,77,46,3240.95
2026-07-23 21:28:17.966385+00:00,77,48,3726.77
2026-07-23 21:28:17.966385+00:00,77,49,2310.15
2026-07-23 21:28:17.966385+00:00,77,50,2374.53
2026-07-23 21:28:17.966385+00:00,77,54,1954.28
2026-07-23 21:28:17.966385+00:00,77,56,1785.14
2026-07-23 21:28:17.966385+00:00,77,57,3118.54
2026-07-23 21:28:17.966385+00:00,77,58,1728.26
2026-07-23 21:28:17.966385+00:00,77,59,3046.06
2026-07-23 21:28:17.966385+00:00,77,60,3034.86
2026-07-23 21:28:17.966385+00:00,77,61,1187.78
2026-07-23 21:28:17.966385+00:00,77,63,2886.27
2026-07-23 21:28:17.966385+00:00,77,64,2478.96
2026-07-23 21:28:17.966385+00:00,77,65,2016.98
2026-07-23 21:28:17.966385+00:00,77,66,2058.3
2026-07-23 21:28:17.966385+00:00,77,68,1050.72
2026-07-23 21:28:17.966385+00:00,77,69,2222.53
2026-07-23 21:28:17.966385+00:00,77,70,1778.45
2026-07-23 21:28:17.966385+00:00,77,71,2761.22
2026-07-23 21:28:17.966385+00:00,77,73,3399.37
2026-07-23 21:28:17.966385+00:00,77,74,1775.32
2026-07-23 21:28:17.966385+00:00,77,75,2609.68
2026-07-23 21:28:17.966385+00:00,77,76,2525.78
2026-07-23 21:28:17.966385+00:00,77,77,0.0
2026-07-23 21:28:17.966385+00:00,77,79,3265.83
2026-07-23 21:28:17.966385+00:00,77,80,2157.2
2026-07-23 21:28:17.966385+00:00,77,82,1964.94
2026-07-23 21:28:17.966385+00:00,77,83,2553.42
2026-07-23 21:28:17.966385+00:00,77,85,2162.96
2026-07-23 21:28:17.966385+00:00,77,86,2807.76
2026-07-23 21:28:17.966385+00:00,77,87,2026.12
2026-07-23 21:28:17.966385+00:00,79,2,728.52
2026-07-23 21:28:17.966385+00:00,79,3,199.87
2026-07-23 21:28:17.966385+00:00,79,4,367.33
2026-07-23 21:28:17.966385+00:00,79,5,1742.84
2026-07-23 21:28:17.966385+00:00,79,6,557.66
2026-07-23 21:28:17.966385+00:00,79,7,708.96
2026-07-23 21:28:17.966385+00:00,79,8,872.31
2026-07-23 21:28:17.966385+00:00,79,9,1372.02
2026-07-23 21:28:17.966385+00:00,79,12,956.41
2026-07-23 21:28:17.966385+00:00,79,13,1159.0
2026-07-23 21:28:17.966385+00:00,79,14,1803.86
2026-07-23 21:28:17.966385+00:00,79,17,1326.49
2026-07-23 21:28:17.966385+00:00,79,21,1418.71
2026-07-23 21:28:17.966385+00:00,79,22,853.5
2026-07-23 21:28:17.966385+00:00,79,24,600.13
2026-07-23 21:28:17.966385+00:00,79,25,1452.62
2026-07-23 21:28:17.966385+00:00,79,26,413.65
2026-07-23 21:28:17.966385+00:00,79,27,845.48
2026-07-23 21:28:17.966385+00:00,79,29,1644.56
2026-07-23 21:28:17.966385+00:00,79,32,487.89
2026-07-23 21:28:17.966385+00:00,79,33,1063.56
2026-07-23 21:28:17.966385+00:00,79,35,547.41
2026-07-23 21:28:17.966385+00:00,79,36,506.61
2026-07-23 21:28:17.966385+00:00,79,38,765.19
2026-07-23 21:28:17.966385+00:00,79,41,1372.79
2026-07-23 21:28:17.966385+00:00,79,43,1222.25
2026-07-23 21:28:17.966385+00:00,79,44,1745.1
2026-07-23 21:28:17.966385+00:00,79,45,784.76
2026-07-23 21:28:17.966385+00:00,79,46,407.74
2026-07-23 21:28:17.966385+00:00,79,48,538.05
2026-07-23 21:28:17.966385+00:00,79,49,1650.42
2026-07-23 21:28:17.966385+00:00,79,50,1279.13
2026-07-23 21:28:17.966385+00:00,79,54,1453.12
2026-07-23 21:28:17.966385+00:00,79,56,1758.05
2026-07-23 21:28:17.966385+00:00,79,57,310.44
2026-07-23 21:28:17.966385+00:00,79,58,1973.16
2026-07-23 21:28:17.966385+00:00,79,59,630.95
2026-07-23 21:28:17.966385+00:00,79,60,483.53
2026-07-23 21:28:17.966385+00:00,79,61,3213.01
2026-07-23 21:28:17.966385+00:00,79,63,615.77
2026-07-23 21:28:17.966385+00:00,79,64,1027.73
2026-07-23 21:28:17.966385+00:00,79,65,1527.59
2026-07-23 21:28:17.966385+00:00,79,66,1473.08
2026-07-23 21:28:17.966385+00:00,79,68,3100.03
2026-07-23 21:28:17.966385+00:00,79,69,1187.76
2026-07-23 21:28:17.966385+00:00,79,70,1620.57
2026-07-23 21:28:17.966385+00:00,79,71,651.69
2026-07-23 21:28:17.966385+00:00,79,73,698.95
2026-07-23 21:28:17.966385+00:00,79,74,1602.51
2026-07-23 21:28:17.966385+00:00,79,75,912.77
2026-07-23 21:28:17.966385+00:00,79,76,994.66
2026-07-23 21:28:17.966385+00:00,79,77,3254.28
2026-07-23 21:28:17.966385+00:00,79,79,0.0
2026-07-23 21:28:17.966385+00:00,79,80,1785.73
2026-07-23 21:28:17.966385+00:00,79,82,1511.67
2026-07-23 21:28:17.966385+00:00,79,83,751.66
2026-07-23 21:28:17.966385+00:00,79,85,1284.4
2026-07-23 21:28:17.966385+00:00,79,86,1103.57
2026-07-23 21:28:17.966385+00:00,79,87,1532.61
2026-07-23 21:28:17.966385+00:00,80,2,1785.59
2026-07-23 21:28:17.966385+00:00,80,3,1367.07
2026-07-23 21:28:17.966385+00:00,80,4,1589.59
2026-07-23 21:28:17.966385+00:00,80,5,1295.69
2026-07-23 21:28:17.966385+00:00,80,6,1491.82
2026-07-23 21:28:17.966385+00:00,80,7,1264.33
2026-07-23 21:28:17.966385+00:00,80,8,1095.57
2026-07-23 21:28:17.966385+00:00,80,9,1250.69
2026-07-23 21:28:17.966385+00:00,80,12,1484.62
2026-07-23 21:28:17.966385+00:00,80,13,776.01
2026-07-23 21:28:17.966385+00:00,80,14,1339.55
2026-07-23 21:28:17.966385+00:00,80,17,780.37
2026-07-23 21:28:17.966385+00:00,80,21,877.67
2026-07-23 21:28:17.966385+00:00,80,22,1633.95
2026-07-23 21:28:17.966385+00:00,80,24,1171.94
2026-07-23 21:28:17.966385+00:00,80,25,1073.05
2026-07-23 21:28:17.966385+00:00,80,26,1848.53
2026-07-23 21:28:17.966385+00:00,80,27,1318.17
2026-07-23 21:28:17.966385+00:00,80,29,496.51
2026-07-23 21:28:17.966385+00:00,80,32,1439.87
2026-07-23 21:28:17.966385+00:00,80,33,1171.77
2026-07-23 21:28:17.966385+00:00,80,35,1723.08
2026-07-23 21:28:17.966385+00:00,80,36,1591.68
2026-07-23 21:28:17.966385+00:00,80,38,1545.65
2026-07-23 21:28:17.966385+00:00,80,41,897.74
2026-07-23 21:28:17.966385+00:00,80,43,1630.81
2026-07-23 21:28:17.966385+00:00,80,44,1454.41
2026-07-23 21:28:17.966385+00:00,80,45,1407.37
2026-07-23 21:28:17.966385+00:00,80,46,1298.16
2026-07-23 21:28:17.966385+00:00,80,48,1619.87
2026-07-23 21:28:17.966385+00:00,80,49,299.59
2026-07-23 21:28:17.966385+00:00,80,50,1385.63
2026-07-23 21:28:17.966385+00:00,80,54,810.47
2026-07-23 21:28:17.966385+00:00,80,56,1059.16
2026-07-23 21:28:17.966385+00:00,80,57,1370.66
2026-07-23 21:28:17.966385+00:00,80,58,1451.34
2026-07-23 21:28:17.966385+00:00,80,59,1050.82
2026-07-23 21:28:17.966385+00:00,80,60,1705.78
2026-07-23 21:28:17.966385+00:00,80,61,1674.43
2026-07-23 21:28:17.966385+00:00,80,63,1557.19
2026-07-23 21:28:17.966385+00:00,80,64,1314.45
2026-07-23 21:28:17.966385+00:00,80,65,1105.81
2026-07-23 21:28:17.966385+00:00,80,66,1010.48
2026-07-23 21:28:17.966385+00:00,80,68,2270.02
2026-07-23 21:28:17.966385+00:00,80,69,1056.87
2026-07-23 21:28:17.966385+00:00,80,70,920.0
2026-07-23 21:28:17.966385+00:00,80,71,1432.14
2026-07-23 21:28:17.966385+00:00,80,73,1407.35
2026-07-23 21:28:17.966385+00:00,80,74,584.01
2026-07-23 21:28:17.966385+00:00,80,75,880.2
2026-07-23 21:28:17.966385+00:00,80,76,1005.64
2026-07-23 21:28:17.966385+00:00,80,77,2113.76
2026-07-23 21:28:17.966385+00:00,80,79,1541.31
2026-07-23 21:28:17.966385+00:00,80,80,0.0
2026-07-23 21:28:17.966385+00:00,80,82,544.6
2026-07-23 21:28:17.966385+00:00,80,83,1224.34
2026-07-23 21:28:17.966385+00:00,80,85,1078.03
2026-07-23 21:28:17.966385+00:00,80,86,809.31
2026-07-23 21:28:17.966385+00:00,80,87,186.5
2026-07-23 21:28:17.966385+00:00,82,2,1360.53
2026-07-23 21:28:17.966385+00:00,82,3,1496.84
2026-07-23 21:28:17.966385+00:00,82,4,1164.53
2026-07-23 21:28:17.966385+00:00,82,5,764.75
2026-07-23 21:28:17.966385+00:00,82,6,1724.86
2026-07-23 21:28:17.966385+00:00,82,7,1034.65
2026-07-23 21:28:17.966385+00:00,82,8,786.77
2026-07-23 21:28:17.966385+00:00,82,9,759.2
2026-07-23 21:28:17.966385+00:00,82,12,1059.56
2026-07-23 21:28:17.966385+00:00,82,13,448.2
2026-07-23 21:28:17.966385+00:00,82,14,808.61
2026-07-23 21:28:17.966385+00:00,82,17,262.29
2026-07-23 21:28:17.966385+00:00,82,21,1013.99
2026-07-23 21:28:17.966385+00:00,82,22,1208.9
2026-07-23 21:28:17.966385+00:00,82,24,1096.73
2026-07-23 21:28:17.966385+00:00,82,25,559.89
2026-07-23 21:28:17.966385+00:00,82,26,1423.47
2026-07-23 21:28:17.966385+00:00,82,27,893.11
2026-07-23 21:28:17.966385+00:00,82,29,163.41
2026-07-23 21:28:17.966385+00:00,82,32,1207.37
2026-07-23 21:28:17.966385+00:00,82,33,746.71
2026-07-23 21:28:17.966385+00:00,82,35,1298.02
2026-07-23 21:28:17.966385+00:00,82,36,1166.63
2026-07-23 21:28:17.966385+00:00,82,38,1120.59
2026-07-23 21:28:17.966385+00:00,82,41,1034.07
2026-07-23 21:28:17.966385+00:00,82,43,1139.31
2026-07-23 21:28:17.966385+00:00,82,44,923.46
2026-07-23 21:28:17.966385+00:00,82,45,982.31
2026-07-23 21:28:17.966385+00:00,82,46,1486.81
2026-07-23 21:28:17.966385+00:00,82,48,1972.63
2026-07-23 21:28:17.966385+00:00,82,49,574.85
2026-07-23 21:28:17.966385+00:00,82,50,894.14
2026-07-23 21:28:17.966385+00:00,82,54,279.53
2026-07-23 21:28:17.966385+00:00,82,56,528.22
2026-07-23 21:28:17.966385+00:00,82,57,1364.41
2026-07-23 21:28:17.966385+00:00,82,58,920.4
2026-07-23 21:28:17.966385+00:00,82,59,1291.93
2026-07-23 21:28:17.966385+00:00,82,60,1280.73
2026-07-23 21:28:17.966385+00:00,82,61,1759.95
2026-07-23 21:28:17.966385+00:00,82,63,1132.14
2026-07-23 21:28:17.966385+00:00,82,64,889.4
2026-07-23 21:28:17.966385+00:00,82,65,574.87
2026-07-23 21:28:17.966385+00:00,82,66,513.81
2026-07-23 21:28:17.966385+00:00,82,68,1870.2
2026-07-23 21:28:17.966385+00:00,82,69,631.81
2026-07-23 21:28:17.966385+00:00,82,70,390.75
2026-07-23 21:28:17.966385+00:00,82,71,1007.08
2026-07-23 21:28:17.966385+00:00,82,73,1645.23
2026-07-23 21:28:17.966385+00:00,82,74,213.34
2026-07-23 21:28:17.966385+00:00,82,75,718.9
2026-07-23 21:28:17.966385+00:00,82,76,640.35
2026-07-23 21:28:17.966385+00:00,82,77,1955.52
2026-07-23 21:28:17.966385+00:00,82,79,1511.7
2026-07-23 21:28:17.966385+00:00,82,80,676.71
2026-07-23 21:28:17.966385+00:00,82,82,0.0
2026-07-23 21:28:17.966385+00:00,82,83,799.29
2026-07-23 21:28:17.966385+00:00,82,85,612.36
2026-07-23 21:28:17.966385+00:00,82,86,916.98
2026-07-23 21:28:17.966385+00:00,82,87,388.08
2026-07-23 21:28:17.966385+00:00,83,2,561.72
2026-07-23 21:28:17.966385+00:00,83,3,736.8
2026-07-23 21:28:17.966385+00:00,83,4,404.49
2026-07-23 21:28:17.966385+00:00,83,5,980.76
2026-07-23 21:28:17.966385+00:00,83,6,964.83
2026-07-23 21:28:17.966385+00:00,83,7,274.61
2026-07-23 21:28:17.966385+00:00,83,8,159.9
2026-07-23 21:28:17.966385+00:00,83,9,650.86
2026-07-23 21:28:17.966385+00:00,83,12,260.82
2026-07-23 21:28:17.966385+00:00,83,13,446.59
2026-07-23 21:28:17.966385+00:00,83,14,1041.77
2026-07-23 21:28:17.966385+00:00,83,17,614.08
2026-07-23 21:28:17.966385+00:00,83,21,1131.83
2026-07-23 21:28:17.966385+00:00,83,22,403.92
2026-07-23 21:28:17.966385+00:00,83,24,336.69
2026-07-23 21:28:17.966385+00:00,83,25,690.54
2026-07-23 21:28:17.966385+00:00,83,26,663.43
2026-07-23 21:28:17.966385+00:00,83,27,93.87
2026-07-23 21:28:17.966385+00:00,83,29,932.16
2026-07-23 21:28:17.966385+00:00,83,32,447.33
2026-07-23 21:28:17.966385+00:00,83,33,301.48
2026-07-23 21:28:17.966385+00:00,83,35,496.24
2026-07-23 21:28:17.966385+00:00,83,36,406.59
2026-07-23 21:28:17.966385+00:00,83,38,318.81
2026-07-23 21:28:17.966385+00:00,83,41,1045.77
2026-07-23 21:28:17.966385+00:00,83,43,650.09
2026-07-23 21:28:17.966385+00:00,83,44,1021.15
2026-07-23 21:28:17.966385+00:00,83,45,183.57
2026-07-23 21:28:17.966385+00:00,83,46,726.78
2026-07-23 21:28:17.966385+00:00,83,48,1212.6
2026-07-23 21:28:17.966385+00:00,83,49,1238.5
2026-07-23 21:28:17.966385+00:00,83,50,583.54
2026-07-23 21:28:17.966385+00:00,83,54,740.71
2026-07-23 21:28:17.966385+00:00,83,56,1045.64
2026-07-23 21:28:17.966385+00:00,83,57,604.37
2026-07-23 21:28:17.966385+00:00,83,58,1211.08
2026-07-23 21:28:17.966385+00:00,83,59,531.9
2026-07-23 21:28:17.966385+00:00,83,60,520.69
2026-07-23 21:28:17.966385+00:00,83,61,2500.6
2026-07-23 21:28:17.966385+00:00,83,63,372.1
2026-07-23 21:28:17.966385+00:00,83,64,332.14
2026-07-23 21:28:17.966385+00:00,83,65,765.5
2026-07-23 21:28:17.966385+00:00,83,66,760.67
2026-07-23 21:28:17.966385+00:00,83,68,2387.62
2026-07-23 21:28:17.966385+00:00,83,69,426.36
2026-07-23 21:28:17.966385+00:00,83,70,908.16
2026-07-23 21:28:17.966385+00:00,83,71,247.05
2026-07-23 21:28:17.966385+00:00,83,73,885.2
2026-07-23 21:28:17.966385+00:00,83,74,890.1
2026-07-23 21:28:17.966385+00:00,83,75,411.87
2026-07-23 21:28:17.966385+00:00,83,76,282.25
2026-07-23 21:28:17.966385+00:00,83,77,2541.87
2026-07-23 21:28:17.966385+00:00,83,79,751.66
2026-07-23 21:28:17.966385+00:00,83,80,1356.67
2026-07-23 21:28:17.966385+00:00,83,82,799.26
2026-07-23 21:28:17.966385+00:00,83,83,0.0
2026-07-23 21:28:17.966385+00:00,83,85,521.07
2026-07-23 21:28:17.966385+00:00,83,86,668.5
2026-07-23 21:28:17.966385+00:00,83,87,1083.81
2026-07-23 21:28:17.966385+00:00,85,2,850.05
2026-07-23 21:28:17.966385+00:00,85,3,1244.8
2026-07-23 21:28:17.966385+00:00,85,4,912.49
2026-07-23 21:28:17.966385+00:00,85,5,655.1
2026-07-23 21:28:17.966385+00:00,85,6,1472.82
2026-07-23 21:28:17.966385+00:00,85,7,782.6
2026-07-23 21:28:17.966385+00:00,85,8,667.9
2026-07-23 21:28:17.966385+00:00,85,9,404.5
2026-07-23 21:28:17.966385+00:00,85,12,547.53
2026-07-23 21:28:17.966385+00:00,85,13,452.62
2026-07-23 21:28:17.966385+00:00,85,14,716.12
2026-07-23 21:28:17.966385+00:00,85,17,396.66
2026-07-23 21:28:17.966385+00:00,85,21,1077.42
2026-07-23 21:28:17.966385+00:00,85,22,692.25
2026-07-23 21:28:17.966385+00:00,85,24,844.69
2026-07-23 21:28:17.966385+00:00,85,25,344.29
2026-07-23 21:28:17.966385+00:00,85,26,1004.87
2026-07-23 21:28:17.966385+00:00,85,27,409.53
2026-07-23 21:28:17.966385+00:00,85,29,714.74
2026-07-23 21:28:17.966385+00:00,85,32,955.33
2026-07-23 21:28:17.966385+00:00,85,33,252.19
2026-07-23 21:28:17.966385+00:00,85,35,785.82
2026-07-23 21:28:17.966385+00:00,85,36,791.14
2026-07-23 21:28:17.966385+00:00,85,38,608.38
2026-07-23 21:28:17.966385+00:00,85,41,1044.27
2026-07-23 21:28:17.966385+00:00,85,43,711.19
2026-07-23 21:28:17.966385+00:00,85,44,792.39
2026-07-23 21:28:17.966385+00:00,85,45,473.14
2026-07-23 21:28:17.966385+00:00,85,46,1234.78
2026-07-23 21:28:17.966385+00:00,85,48,1720.59
2026-07-23 21:28:17.966385+00:00,85,49,1084.35
2026-07-23 21:28:17.966385+00:00,85,50,466.01
2026-07-23 21:28:17.966385+00:00,85,54,301.8
2026-07-23 21:28:17.966385+00:00,85,56,587.56
2026-07-23 21:28:17.966385+00:00,85,57,1112.37
2026-07-23 21:28:17.966385+00:00,85,58,875.74
2026-07-23 21:28:17.966385+00:00,85,59,1039.89
2026-07-23 21:28:17.966385+00:00,85,60,846.4
2026-07-23 21:28:17.966385+00:00,85,61,2184.86
2026-07-23 21:28:17.966385+00:00,85,63,725.96
2026-07-23 21:28:17.966385+00:00,85,64,388.5
2026-07-23 21:28:17.966385+00:00,85,65,439.85
2026-07-23 21:28:17.966385+00:00,85,66,288.09
2026-07-23 21:28:17.966385+00:00,85,68,1929.54
2026-07-23 21:28:17.966385+00:00,85,69,137.29
2026-07-23 21:28:17.966385+00:00,85,70,450.08
2026-07-23 21:28:17.966385+00:00,85,71,660.4
2026-07-23 21:28:17.966385+00:00,85,73,1393.19
2026-07-23 21:28:17.966385+00:00,85,74,623.42
2026-07-23 21:28:17.966385+00:00,85,75,649.23
2026-07-23 21:28:17.966385+00:00,85,76,519.61
2026-07-23 21:28:17.966385+00:00,85,77,2085.24
2026-07-23 21:28:17.966385+00:00,85,79,1259.66
2026-07-23 21:28:17.966385+00:00,85,80,1186.21
2026-07-23 21:28:17.966385+00:00,85,82,581.84
2026-07-23 21:28:17.966385+00:00,85,83,497.79
2026-07-23 21:28:17.966385+00:00,85,85,0.0
2026-07-23 21:28:17.966385+00:00,85,86,826.38
2026-07-23 21:28:17.966385+00:00,85,87,897.58
2026-07-23 21:28:17.966385+00:00,86,2,1200.89
2026-07-23 21:28:17.966385+00:00,86,3,791.71
2026-07-23 21:28:17.966385+00:00,86,4,1004.89
2026-07-23 21:28:17.966385+00:00,86,5,1196.28
2026-07-23 21:28:17.966385+00:00,86,6,864.74
2026-07-23 21:28:17.966385+00:00,86,7,686.97
2026-07-23 21:28:17.966385+00:00,86,8,519.98
2026-07-23 21:28:17.966385+00:00,86,9,909.55
2026-07-23 21:28:17.966385+00:00,86,12,899.92
2026-07-23 21:28:17.966385+00:00,86,13,303.01
2026-07-23 21:28:17.966385+00:00,86,14,1257.3
2026-07-23 21:28:17.966385+00:00,86,17,634.43
2026-07-23 21:28:17.966385+00:00,86,21,549.38
2026-07-23 21:28:17.966385+00:00,86,22,1049.26
2026-07-23 21:28:17.966385+00:00,86,24,594.58
2026-07-23 21:28:17.966385+00:00,86,25,889.03
2026-07-23 21:28:17.966385+00:00,86,26,1263.83
2026-07-23 21:28:17.966385+00:00,86,27,733.47
2026-07-23 21:28:17.966385+00:00,86,29,886.69
2026-07-23 21:28:17.966385+00:00,86,32,862.52
2026-07-23 21:28:17.966385+00:00,86,33,627.76
2026-07-23 21:28:17.966385+00:00,86,35,1138.38
2026-07-23 21:28:17.966385+00:00,86,36,1006.99
2026-07-23 21:28:17.966385+00:00,86,38,960.95
2026-07-23 21:28:17.966385+00:00,86,41,463.32
2026-07-23 21:28:17.966385+00:00,86,43,1123.86
2026-07-23 21:28:17.966385+00:00,86,44,1297.44
2026-07-23 21:28:17.966385+00:00,86,45,822.67
2026-07-23 21:28:17.966385+00:00,86,46,705.56
2026-07-23 21:28:17.966385+00:00,86,48,992.78
2026-07-23 21:28:17.966385+00:00,86,49,596.17
2026-07-23 21:28:17.966385+00:00,86,50,939.01
2026-07-23 21:28:17.966385+00:00,86,54,830.96
2026-07-23 21:28:17.966385+00:00,86,56,1135.89
2026-07-23 21:28:17.966385+00:00,86,57,795.3
2026-07-23 21:28:17.966385+00:00,86,58,1420.48
2026-07-23 21:28:17.966385+00:00,86,59,458.23
2026-07-23 21:28:17.966385+00:00,86,60,1121.09
2026-07-23 21:28:17.966385+00:00,86,61,2249.65
2026-07-23 21:28:17.966385+00:00,86,63,972.5
2026-07-23 21:28:17.966385+00:00,86,64,788.27
2026-07-23 21:28:17.966385+00:00,86,65,981.03
2026-07-23 21:28:17.966385+00:00,86,66,850.92
2026-07-23 21:28:17.966385+00:00,86,68,2477.88
2026-07-23 21:28:17.966385+00:00,86,69,600.19
2026-07-23 21:28:17.966385+00:00,86,70,998.42
2026-07-23 21:28:17.966385+00:00,86,71,847.44
2026-07-23 21:28:17.966385+00:00,86,73,780.26
2026-07-23 21:28:17.966385+00:00,86,74,980.35
2026-07-23 21:28:17.966385+00:00,86,75,304.61
2026-07-23 21:28:17.966385+00:00,86,76,430.05
2026-07-23 21:28:17.966385+00:00,86,77,2632.12
2026-07-23 21:28:17.966385+00:00,86,79,965.94
2026-07-23 21:28:17.966385+00:00,86,80,767.7
2026-07-23 21:28:17.966385+00:00,86,82,749.61
2026-07-23 21:28:17.966385+00:00,86,83,639.65
2026-07-23 21:28:17.966385+00:00,86,85,696.83
2026-07-23 21:28:17.966385+00:00,86,86,0.0
2026-07-23 21:28:17.966385+00:00,86,87,659.02
2026-07-23 21:28:17.966385+00:00,87,2,1742.51
2026-07-23 21:28:17.966385+00:00,87,3,1326.47
2026-07-23 21:28:17.966385+00:00,87,4,1546.51
2026-07-23 21:28:17.966385+00:00,87,5,1234.5
2026-07-23 21:28:17.966385+00:00,87,6,1564.51
2026-07-23 21:28:17.966385+00:00,87,7,1223.73
2026-07-23 21:28:17.966385+00:00,87,8,1054.97
2026-07-23 21:28:17.966385+00:00,87,9,1192.2
2026-07-23 21:28:17.966385+00:00,87,12,1441.54
2026-07-23 21:28:17.966385+00:00,87,13,732.93
2026-07-23 21:28:17.966385+00:00,87,14,1278.36
2026-07-23 21:28:17.966385+00:00,87,17,721.18
2026-07-23 21:28:17.966385+00:00,87,21,951.91
2026-07-23 21:28:17.966385+00:00,87,22,1590.88
2026-07-23 21:28:17.966385+00:00,87,24,1131.34
2026-07-23 21:28:17.966385+00:00,87,25,1011.86
2026-07-23 21:28:17.966385+00:00,87,26,1805.45
2026-07-23 21:28:17.966385+00:00,87,27,1275.09
2026-07-23 21:28:17.966385+00:00,87,29,435.32
2026-07-23 21:28:17.966385+00:00,87,32,1399.28
2026-07-23 21:28:17.966385+00:00,87,33,1128.69
2026-07-23 21:28:17.966385+00:00,87,35,1680.0
2026-07-23 21:28:17.966385+00:00,87,36,1548.61
2026-07-23 21:28:17.966385+00:00,87,38,1502.57
2026-07-23 21:28:17.966385+00:00,87,41,971.98
2026-07-23 21:28:17.966385+00:00,87,43,1572.32
2026-07-23 21:28:17.966385+00:00,87,44,1393.21
2026-07-23 21:28:17.966385+00:00,87,45,1364.29
2026-07-23 21:28:17.966385+00:00,87,46,1331.64
2026-07-23 21:28:17.966385+00:00,87,48,1680.85
2026-07-23 21:28:17.966385+00:00,87,49,376.04
2026-07-23 21:28:17.966385+00:00,87,50,1327.14
2026-07-23 21:28:17.966385+00:00,87,54,749.28
2026-07-23 21:28:17.966385+00:00,87,56,997.97
2026-07-23 21:28:17.966385+00:00,87,57,1330.06
2026-07-23 21:28:17.966385+00:00,87,58,1390.15
2026-07-23 21:28:17.966385+00:00,87,59,1118.2
2026-07-23 21:28:17.966385+00:00,87,60,1662.7
2026-07-23 21:28:17.966385+00:00,87,61,1766.38
2026-07-23 21:28:17.966385+00:00,87,63,1514.12
2026-07-23 21:28:17.966385+00:00,87,64,1271.38
2026-07-23 21:28:17.966385+00:00,87,65,1044.62
2026-07-23 21:28:17.966385+00:00,87,66,951.29
2026-07-23 21:28:17.966385+00:00,87,68,2208.83
2026-07-23 21:28:17.966385+00:00,87,69,1013.79
2026-07-23 21:28:17.966385+00:00,87,70,858.81
2026-07-23 21:28:17.966385+00:00,87,71,1389.06
2026-07-23 21:28:17.966385+00:00,87,73,1480.03
2026-07-23 21:28:17.966385+00:00,87,74,522.82
2026-07-23 21:28:17.966385+00:00,87,75,839.6
2026-07-23 21:28:17.966385+00:00,87,76,965.04
2026-07-23 21:28:17.966385+00:00,87,77,2205.71
2026-07-23 21:28:17.966385+00:00,87,79,1500.71
2026-07-23 21:28:17.966385+00:00,87,80,370.08
2026-07-23 21:28:17.966385+00:00,87,82,483.41
2026-07-23 21:28:17.966385+00:00,87,83,1181.27
2026-07-23 21:28:17.966385+00:00,87,85,1045.37
2026-07-23 21:28:17.966385+00:00,87,86,876.69
2026-07-23 21:28:17.966385+00:00,87,87,0.0
